,ci_rating
m1,4.11019022151512
m10,3.481922298159184
m100,2.8958673200892315
m1000,2.509020788270072
m1002,3.635763779824638
m1003,2.787332348883479
m1004,2.4354684271084173
m1005,2.18988808917578
m1006,2.877587871835537
m1007,2.8584487056023855
m1008,3.142153103955216
m1009,3.066397393214217
m101,3.756359889692285
m1010,3.1451009606853204
m1011,2.555448884343336
m1012,3.596220054949942
m1013,3.4400409793924824
m1014,3.2131934520908
m1015,3.211077334940997
m1016,3.071722271634636
m1017,3.484128855066673
m1018,3.0646314415276708
m1019,3.6315239902384002
m102,1.5814540716758916
m1020,3.144090589770932
m1021,2.629270388366918
m1022,3.676443282521887
m1023,3.8473059833463386
m1024,3.0753995834522487
m1025,3.507190854495435
m1026,2.801956802748456
m1027,3.0543966446143043
m1028,3.831925276371898
m1029,3.60918294625366
m103,2.842701994394636
m1030,2.9628816231235944
m1031,3.3752607452291175
m1032,3.613848885668358
m1033,3.338530142266852
m1034,3.477738765544371
m1035,3.8572334284614636
m1036,4.080505202461637
m1037,2.5761396483297774
m1038,2.7381916405799855
m1039,3.0133453384866487
m104,3.44011306515971
m1040,2.1234774594234187
m1041,3.9575700229645507
m1042,3.398996840423246
m1043,2.6510878780704354
m1044,2.9586225414409193
m1046,3.833255838970629
m1047,3.3856038334230854
m1049,3.2315173173393794
m105,3.1220287801330873
m1050,3.651862277259007
m1051,3.227820911706429
m1053,2.560638344090985
m1054,3.063605405383149
m1055,2.243319732176439
m1056,3.3145389350170946
m1057,3.4456389249107686
m1058,2.6204867084438908
m1059,3.296322121993514
m106,2.731791287586939
m1060,3.874184182997306
m1061,3.454822635623821
m1062,1.520018007729973
m1063,2.671393480728602
m1064,2.7504228220725397
m1066,4.0317788439329165
m1067,3.275201974135973
m1068,3.3768975290283354
m1069,3.7506044763638955
m107,3.012860727586208
m1070,
m1071,2.4006105396891195
m1073,3.8064216791953567
m1076,3.630334360102085
m1077,3.915014634153265
m1078,3.7454067973331164
m1079,3.921572538053757
m108,1.6914313180585159
m1080,3.958210072483594
m1081,3.5230500200477644
m1082,3.5799908095890074
m1083,3.3882198691018686
m1084,4.034777547396437
m1085,3.6123418075592233
m1086,4.001030160172506
m1087,2.9632504847876593
m1088,3.224090293821106
m1089,4.081074553975358
m1090,4.039930653791573
m1091,2.685848895079426
m1092,3.4732237755829285
m1093,3.3372808911865475
m1094,3.6752772367342144
m1095,3.799536381743846
m1096,3.8721828368361297
m1097,3.92619545201366
m1098,1.919908832364469
m1099,3.8623788871727545
m11,3.7410926466931334
m110,4.198104627972071
m1100,2.7078799699241705
m1101,3.6226445065557322
m1102,0.614096175650322
m1103,3.839667481618748
m1104,4.150069537093886
m1105,1.4481779584473766
m1107,0.8684142659238281
m111,4.134621131245309
m1111,3.9227079385588146
m1112,3.10431170075648
m1113,2.6932810039342017
m1114,2.4774821507156446
m1115,
m1116,2.9980768343243676
m1117,3.7038360156335357
m1118,
m1119,2.887759231650344
m112,3.3659326998099988
m1120,3.50554344590675
m1121,2.608171102199811
m1123,3.35281506849015
m1124,3.646563036246118
m1125,3.6880017017798763
m1126,2.2447143702454757
m1127,3.6390934786827422
m1128,2.7633017315223944
m1129,3.4013325091503095
m113,2.7421306671424492
m1130,3.1312290390175823
m1131,4.213685226982461
m1132,4.14819853474548
m1133,0.04003601545994595
m1134,
m1135,3.100227435896192
m1136,4.292376977967417
m1138,2.7727274469585774
m1139,
m114,2.533122019633084
m1142,
m1144,3.415272425789401
m1145,1.520018007729973
m1147,4.227687471783459
m1148,4.461167816647761
m1149,1.8026213988857425
m1150,3.7962155471952044
m1151,3.0215666476558933
m1152,3.1108219463015145
m1153,2.822053989785406
m1154,3.2861200052409787
m116,3.763616590806677
m1160,1.1031365973618572
m1161,3.753846572228101
m1162,3.7248102125048637
m1163,2.320837835134485
m1164,2.133297255886964
m1165,
m1167,2.691531557290009
m1168,1.5678830011627105
m1169,3.3764190950011725
m117,3.4592891424756598
m1170,1.3134084791120804
m1171,3.6431478687244594
m1172,4.22135403448393
m1173,3.178049399324718
m1174,2.839817664728938
m1175,3.901667295365214
m1176,3.765754042852072
m1177,3.8424313442292592
m1178,4.369546917530855
m1179,3.7280363786349207
m118,2.8063983188709707
m1180,3.54708737343122
m1181,2.283657891677955
m1183,3.5358012662980114
m1184,3.6366362038473508
m1185,3.874493291307664
m1186,3.534802620693144
m1187,3.5163979189641967
m1188,3.8758902098608172
m1189,4.152484273168538
m119,1.810152904511674
m1190,3.342278876744829
m1191,2.9220787751182518
m1192,3.838299550931653
m1193,4.353466704953536
m1194,3.3313985901733387
m1196,4.262709044689191
m1197,4.269105761897406
m1198,4.449359232149109
m1199,4.029005930674582
m12,2.175745091424727
m120,2.0133453384866487
m1200,4.083357567109771
m1201,4.072839558149147
m1202,3.358212876013466
m1203,4.231273806130004
m1204,4.345990506267322
m1205,3.214222704179691
m1206,4.016147379854279
m1207,4.374892225487925
m1208,4.190882866329762
m1209,3.875017277736147
m121,3.83997026652613
m1210,3.989041758937368
m1211,3.981720427354156
m1212,4.384312092091974
m1213,4.233188339785953
m1214,4.1197961772862675
m1215,3.7372865474602674
m1216,3.424479248329195
m1217,4.180910996728588
m1218,4.080479379576723
m1219,4.169442333081288
m122,2.6311821646514777
m1220,3.888525613540118
m1221,4.316163521627046
m1222,4.063121301328701
m1223,4.292462093675832
m1224,4.212245438970219
m1225,4.208395843727633
m1226,3.93476214755124
m1227,3.7476798112694927
m1228,4.122345452513237
m123,3.678149644285506
m1230,4.089709631413238
m1231,4.020990661258234
m1232,3.289852122931685
m1233,4.251640180213809
m1234,4.274349938154638
m1235,4.097220756922184
m1236,4.016746816999865
m1237,4.119906544867924
m1238,3.8956841904966235
m124,2.5918207086436498
m1240,4.1155649948907245
m1241,3.0139721901218803
m1242,4.147721519149881
m1243,3.8679764524912787
m1244,4.018803433441721
m1245,3.9125486086758574
m1246,3.9446887289371935
m1247,4.199821001961938
m1248,4.13951767947578
m1249,3.940796553951604
m125,3.726738919677114
m1250,4.338749373649401
m1251,3.982371652777027
m1252,4.292626028755191
m1253,4.0702793954656125
m1254,4.215279970064988
m1255,3.090048191298668
m1256,4.136838604096904
m1257,3.8405672027503726
m1258,4.048749559592197
m1259,4.059961532608122
m126,1.7783858920269255
m1260,4.20937997895839
m1261,3.7328441946330684
m1262,4.324983077182096
m1263,4.0400897869396575
m1264,3.9455407428264553
m1265,3.9148715870901603
m1266,4.033067115339423
m1267,4.277871576715625
m1268,3.3823326578811326
m1269,4.104877098229867
m127,
m1270,3.9569559182058756
m1271,3.7277414892967933
m1272,4.204333546027267
m1273,3.8164610216945474
m1274,3.8421566890937
m1275,3.774520450339025
m1276,4.203415839443446
m1277,3.7880108115386566
m1278,4.201101042619587
m1279,3.606842710932014
m128,3.892864183730062
m1280,4.080406431820043
m1281,3.9016250819075764
m1282,3.8349835942045942
m1283,4.09276700329615
m1284,4.246890817456227
m1285,3.7487731831960236
m1286,3.466811485372872
m1287,4.044786319882657
m1288,4.123309669989339
m1289,3.8157177715456574
m129,2.8429988680148623
m1290,3.482076092534451
m1291,4.093568047847239
m1292,3.934578584258824
m1293,4.077834531668831
m1294,4.071253633809552
m1295,3.4391086527119863
m1296,3.9136796211170988
m1297,3.6200992052622363
m1298,3.5286801319076564
m1299,4.190376760822384
m13,3.0547176278802772
m130,2.040036015459946
m1300,4.050092601494945
m1301,3.8764855485779774
m1302,3.843222489147791
m1303,4.037079834726229
m1304,4.1737805892092785
m1305,3.6229236788646126
m1306,3.4107398123232726
m1307,4.029729601542729
m131,2.607441059253812
m1310,3.2111508785402942
m1311,
m1312,2.8212483296527595
m1313,1.42297862083721
m1315,1.6800120051533154
m1316,
m1317,2.8866078261435812
m132,2.285933176732306
m1320,2.968435687654733
m1321,3.6707684269701115
m1322,1.4109290693902854
m1323,1.155542539167991
m1324,1.3313428599027821
m1325,1.3122803524721316
m1326,1.8305090225258271
m1327,2.826264429354792
m1328,1.350924508994892
m1329,2.2249408264936843
m133,
m1330,2.800652993050825
m1331,2.8697737873322016
m1332,2.712760798406463
m1333,3.8160539056454077
m1334,3.0191182041912517
m1335,1.3283394412108411
m1336,1.9674073576795
m1337,3.3160505099505224
m1339,3.2617329687049876
m134,
m1340,3.771335325697718
m1341,2.5727006307709708
m1342,2.7741968249126385
m1343,3.6096903728802996
m1344,3.8368485358063653
m1345,3.523541050140182
m1346,3.034845533445952
m1347,3.3758119147102645
m1348,3.8520383307734387
m1349,2.1649727752687165
m135,2.622422763645721
m1350,3.520789473472656
m1351,3.0765947130056874
m1352,2.6613390201561886
m1353,2.9196162597389845
m1354,3.6804679404252862
m1355,2.6770234613845885
m1356,3.657698351062723
m1357,3.7291671508703206
m1358,4.158962020692429
m1359,2.3366238734513463
m136,2.2188545575017167
m1360,0.5600540231899194
m1361,4.061015654592098
m1362,3.8360834881527186
m1363,2.8131456285039964
m1364,2.520018007729973
m1365,3.590643984573196
m1366,2.981915123747119
m1367,2.9338320639552506
m1369,2.839817664728938
m137,2.3723091712622777
m1370,3.4867897852473373
m1371,3.0599888899291643
m1372,3.344912223120834
m1373,2.657518577334673
m1374,3.8309529643279463
m1375,3.295436094895869
m1376,3.597302827270555
m1377,2.9176249489842987
m1378,3.334031753185132
m1379,2.7984853536580343
m138,-0.43994597681008063
m1380,3.5013863736319504
m1381,1.8437692500333631
m1382,2.5924250598114873
m1383,1.0607565030199062
m1384,3.2310008303280022
m1385,3.1747040686154397
m1386,
m1387,4.044581585201399
m1388,2.4920225816735178
m1389,1.7205971020215063
m139,
m1390,3.034688013666669
m1391,2.8294643650174462
m1392,3.628350490106289
m1393,3.7105249798751925
m1394,3.969810429432185
m1395,3.2159133889439215
m1396,3.676552613363127
m1397,3.391585992785088
m1398,2.93625493019009
m1399,3.017581009576585
m14,3.404075839393966
m140,2.980308241721418
m1401,3.3623240315546763
m1404,2.9253635373018807
m1405,2.9329037434745078
m1406,3.001731788528096
m1407,3.5074555198989863
m1408,3.7527273354667487
m1409,2.9519700981699346
m141,3.478196154033592
m1410,2.6365667985898513
m1411,3.865165754976849
m1412,3.554619911568845
m1413,3.095064821023117
m1414,3.4565508329450116
m1415,3.202481770728325
m1416,3.109002657356338
m1417,2.4233161957588147
m1419,3.8082418629086554
m142,
m1420,2.716902383065421
m1421,2.33353625356694
m1422,2.9196756041088774
m1423,3.8706256495655404
m1425,3.1442539058111274
m1426,2.0628378664001645
m1427,1.992002741700679
m1428,2.9321417872422084
m1429,3.192838257523477
m1430,
m1431,2.4120896631725253
m1432,2.5713391355705952
m1433,0.6571544290517628
m1434,
m1436,2.1266806726788676
m1437,2.6916395431309383
m1438,2.6985437117777713
m1439,2.0185208520703477
m144,3.305764278361708
m1440,2.582347919444317
m1441,3.3667861831455874
m1442,2.9013963002628333
m1444,2.859427278750858
m1445,1.9982775041613619
m1446,3.9345992649274257
m1447,3.133827497987056
m1449,4.067281330301321
m145,3.188870179754441
m1450,3.198135482442303
m1453,2.2539950997359797
m1454,2.919324857977457
m1455,2.3663246693674473
m1456,2.0589461561865057
m1457,3.0005677913702855
m1458,2.366370998719916
m1459,3.2682437202555175
m146,2.237706097799162
m1460,2.4306802651925485
m1461,2.4323513224334423
m1463,2.6833902273488657
m1464,3.152810411442751
m1465,3.3286457775921976
m1466,3.7385283271278884
m1468,2.3538184095575803
m147,3.3882809055127643
m1470,
m1471,2.2240216092759675
m1472,3.020247952569416
m1473,2.512038520645615
m1474,2.15261675929308
m1475,2.9019792129964506
m1476,3.401494832102471
m1477,3.0347945745448373
m1479,3.1059553981087324
m148,2.322271117419879
m1480,3.1585414237676064
m1482,3.1253117920789655
m1483,2.5410478175690048
m1484,3.5220894221085084
m1485,3.430774469121001
m1486,2.3509121003716125
m1487,2.9040630633761317
m1488,2.74704694964815
m1489,2.1763072002631376
m149,3.5419084542690067
m1490,1.4635614630995903
m1493,2.5660872414160307
m1494,2.0668314629985693
m1495,1.129439260081568
m1496,2.741466223318055
m1497,1.7291614728429643
m1498,2.9677985231719113
m1499,2.098516773656981
m15,2.2608110960212375
m150,4.029120453689136
m1500,3.762221969174265
m1501,2.1065688403656178
m1502,2.394298894735054
m1503,2.1459890855317507
m1504,3.0617387297117094
m1507,3.0447442481806735
m1508,2.985309610336845
m1509,3.3543193296550258
m151,3.510050144453027
m1510,1.520018007729973
m1511,3.2118182867338465
m1513,2.973558154655363
m1514,2.1542960044171275
m1515,2.4096650149188847
m1516,3.3907978807039316
m1517,3.649014347466768
m1518,3.325145960564457
m1519,2.5069399569272512
m152,2.725550146703638
m1520,1.9654489377643178
m1522,1.7056278217819083
m1523,2.351325675346419
m1525,1.7734501933364455
m1526,2.2583040161958703
m1527,3.582947259606184
m1528,0.04003601545994595
m1529,2.8023114393483977
m153,2.5686009135979564
m1531,3.1582604324127734
m1532,2.0133453384866487
m1533,3.603078829191562
m1534,2.5734509871259235
m1535,3.2710265832497454
m1537,4.053696577955069
m1538,0.8402732902605844
m1539,2.1280992844281856
m154,3.589027750584321
m1541,2.9820882203424524
m1542,3.4309663162923796
m1543,2.263317632161624
m1544,2.976704975953098
m1545,3.841245369468628
m1546,3.4608990547937633
m1547,3.0106891276412844
m1548,1.520018007729973
m1549,2.1638660166663053
m155,3.1928210400531767
m1550,2.470313641799256
m1551,2.4712595781420856
m1552,3.2010384639669014
m1553,1.2800270115949595
m1554,3.2878516283851336
m1555,1.040036015459946
m1556,1.7810251391200962
m1558,0.520018007729973
m156,3.313379643579503
m1561,2.7600090038649867
m1562,2.1690246997029954
m1563,3.272335767757305
m1564,3.5066726692433243
m1565,2.417803942915468
m1566,3.1818855352589175
m1567,2.6369176701717816
m1569,3.361564328771081
m157,2.56101681767539
m1570,2.761125421039411
m1571,3.6916005408901347
m1572,3.3455026581892437
m1573,3.342047320400914
m1574,2.2361426780877833
m1575,2.4353718421376964
m1579,
m158,2.857290143439636
m1580,3.7037044664648016
m1581,2.5599648150429473
m1582,2.8943571852027787
m1583,2.395777304401375
m1584,3.7152938404318605
m1585,2.6588514873764106
m1586,2.9610721480828497
m1587,3.3341988910704674
m1588,2.9552220428634577
m1589,3.278880708845747
m159,3.12029676779311
m1590,2.422351701597841
m1591,2.521936583906174
m1592,2.271524451951859
m1593,2.734045821536021
m1594,3.6611218575728364
m1595,1.5140143792320804
m1596,3.1396493171276836
m1597,3.339910132879899
m1598,2.5372213898759357
m1599,1.4034287778149528
m16,3.725328408408785
m160,2.1555554176138885
m1600,2.644441716863072
m1601,2.4744383556746685
m1602,1.7823671318490235
m1603,2.8246992730799394
m1604,2.481943534505723
m1605,2.444503642533037
m1606,2.1299959510718693
m1608,3.5320434178283855
m1609,2.465866222443425
m161,3.6627266939688914
m1610,4.012278501737372
m1611,3.210502753828815
m1612,3.083062894506238
m1613,2.5085708163193745
m1614,3.1848229384602424
m1615,3.4983362531734596
m1616,3.0007857426830475
m1617,4.184814688569242
m1619,3.328996744748909
m162,3.971054602172252
m1620,3.242414880169928
m1621,3.100860657118255
m1622,1.919908832364469
m1623,2.0256350940883894
m1624,2.418228408914809
m1625,3.854609646924795
m1626,2.267579451192021
m1627,2.9338256692336624
m1629,2.8470098479704182
m163,3.373611856776938
m1630,
m1631,3.336759735616935
m1632,2.01231576915918
m1633,3.5547912245354647
m1635,3.7114618135414563
m1636,1.4006105396891195
m1639,3.714576375944899
m164,3.4798582261439623
m1640,2.290768992671603
m1641,3.8185642309690047
m1642,2.8188659593363927
m1643,3.7752599028077403
m1644,2.5285187492911265
m1645,3.3640906068498517
m1646,2.579971276744898
m1647,2.6823258904424447
m1648,3.323181309055687
m1649,3.6969809621055387
m165,3.4925144462955093
m1650,3.067900314250512
m1651,2.3279314707401233
m1652,2.0168830348024196
m1653,3.651701280712866
m1654,3.0378523904458694
m1655,2.1637228104968274
m1656,2.703579160905348
m1657,3.0617387297117094
m1658,2.980011993815611
m1659,1.6914313180585159
m166,2.1364281601355186
m1660,3.44090131748768
m1661,3.014380354100991
m1662,2.0763700885597656
m1663,3.7743838128533547
m1664,3.4666486279434823
m1665,2.5268437528598002
m1666,2.0794964573794594
m1667,2.5899351708579847
m1668,2.2258893358910083
m1669,3.0533407959962053
m167,2.8160144061839785
m1670,3.2613195925041847
m1671,2.7419214420078832
m1672,3.481331899352142
m1673,3.708239626294251
m1674,3.947942485558921
m1675,2.5997047433592524
m1676,3.064122800765916
m1677,2.4221980501389435
m1678,3.743563387462695
m1679,1.5586199122341307
m168,2.8338528888296306
m1680,3.7060886185865836
m1681,1.9935701140387259
m1682,3.807066228900704
m1683,3.646208383327647
m1684,3.479308589686207
m1685,2.8305448515788023
m1686,2.9823679165498915
m1687,2.9713438076497822
m1688,3.392184518813088
m1689,3.0147102612548693
m169,1.8284753363264
m1690,2.8830296309985193
m1692,1.955598519111651
m1693,3.6177493327456305
m1694,3.6324400634930667
m1695,3.3648984190266162
m1696,3.15057299462719
m1699,3.3261909364986666
m17,3.9661926359118653
m170,3.0237872140671844
m1701,3.2947600760036075
m1702,2.431945842714098
m1703,2.6438359895984966
m1704,4.134910579889769
m1707,1.6930685279977662
m1709,
m171,3.357160041940727
m1711,3.1713322378219235
m1713,2.906295583167891
m1714,
m1715,2.298220319044637
m1717,2.8733448028947066
m1718,1.8484849646390515
m1719,3.9538909228442893
m172,2.475236490113467
m1720,0.9242424823195258
m1721,3.5252467544905532
m1722,3.3822950864494365
m1724,
m1725,3.2131968266695883
m1726,2.557869400760944
m1727,3.086988747296708
m1728,2.846365007906301
m1729,3.6229208584816672
m173,2.223289871035151
m1730,3.5975567892137845
m1731,1.611276239781025
m1732,3.6729960780889015
m1733,2.920374747673218
m1734,3.677327651281216
m1735,3.083389113367215
m1739,1.1352892304643207
m174,2.054112090315162
m1741,3.1234774594234187
m1743,3.096471720272016
m1744,2.436508560588753
m1746,2.4899132904395374
m1747,3.4250725080172932
m1748,3.7552837910132646
m1749,2.7337403597927463
m175,3.319832564634244
m1750,1.8836655954846335
m1752,2.516953331708457
m1753,3.0318841482649836
m1754,3.2834337909858453
m1755,3.1489233183545697
m1756,2.232205436251692
m1758,3.4623477350975227
m1759,3.794330570859942
m176,3.799851552649602
m1760,1.7270604686367323
m1762,2.5950460678660536
m1764,
m1767,2.6233855027573667
m1769,3.024473171960575
m177,2.5443994789166045
m1770,3.1264093694583495
m1771,2.3094808184917266
m1772,2.2809484221896903
m1773,-0.43994597681008063
m1777,3.4259469551063106
m1779,2.5744098165631626
m178,3.1264093694583495
m1780,3.2612884836457194
m1782,1.9761775913882014
m1783,2.7887006511276815
m1784,3.9008137779602747
m1785,3.2530451499617414
m1787,0.5600540231899194
m1788,3.7507846951872454
m179,1.9542397963437295
m1791,2.7038076812535077
m1792,3.082569210899792
m1793,1.6307830828692098
m1794,3.2758120753098723
m1795,3.520018007729973
m1796,0.691343011682118
m1797,3.8775781661340583
m1798,2.229903146664544
m1799,3.2685873420749867
m18,3.17861704014605
m180,3.4449261437751972
m1801,2.9355659544712296
m1804,2.8634325015323676
m1805,3.364782722879287
m1806,2.7184832120242066
m1807,3.0337546076921353
m1809,3.36507766657173
m181,1.430548174469644
m1810,3.471745685432642
m1811,3.177342193522156
m1812,3.114053973141767
m1814,2.909066279546455
m1815,
m1816,2.741620132855048
m1817,2.4605376680171798
m182,2.8404281342375626
m1820,
m1821,3.0669752315813112
m1822,1.569892427481836
m1824,3.168479699924851
m1825,2.2696331406280135
m1826,1.2786552732593266
m1827,3.8168071273153537
m1829,2.7058582946802234
m183,3.137196112178624
m1830,
m1831,2.499989256577285
m1832,
m1833,2.884082143238846
m1834,3.8562252254240237
m1835,3.1792895409089907
m1836,3.1194790529875185
m1837,2.3918411619592965
m1839,2.019252783504888
m184,2.9402027279693765
m1840,3.2536984968352094
m1841,2.7656812247852245
m1842,
m1843,
m1844,3.6293455300749877
m1845,3.6330100453796623
m1846,2.6834631577989354
m1848,2.8851833724345344
m1849,1.8484849646390515
m185,2.7878988509356093
m1850,2.224527805333454
m1851,
m1852,
m1853,1.49580342458166
m1854,2.7767808266185385
m1855,2.184059135870987
m1856,2.801668789386086
m1857,2.6760740940633188
m1858,3.112546773973862
m1859,3.109336324755108
m186,2.6319653565347583
m1860,3.4680253638750713
m1861,2.6800120051533156
m1862,1.916075594730034
m1863,2.0462885839076836
m1864,2.130973265705049
m1865,3.288000821139251
m1866,2.914884840265091
m1867,2.0772457707642493
m1868,0.04003601545994595
m1869,2.0106344436664614
m187,3.0334521273578794
m1870,3.2946106541388964
m1871,3.199848053940782
m1872,2.384001922640961
m1873,3.635304924975652
m1874,2.963201746010032
m1875,3.2491855795484197
m1876,3.098654692802877
m1877,1.23484868811834
m1878,1.4090486236973372
m1879,3.4831627222568535
m188,3.0605830657473723
m1880,3.0137799973333133
m1881,2.523469456494905
m1882,2.226955081739569
m1883,3.3531004294745093
m1884,3.204123321011666
m1885,3.6155779544615005
m1886,1.0763621289470056
m1887,2.1796553261502294
m1888,2.8828097973895077
m1889,3.6589229267337555
m189,2.901221301284255
m1890,1.588586863768548
m1891,1.2002277418838205
m1892,3.2846271732081074
m1893,3.336247091571056
m1894,2.820685480175102
m1895,3.1179240287737966
m1896,2.858909408091863
m1897,3.3068229398631654
m1898,3.1563399352798265
m1899,2.333271314756095
m19,2.363582748266551
m190,3.5335417896494494
m1900,3.9040275446861954
m1901,2.926483513769706
m1902,2.645904806518494
m1903,2.6800120051533156
m1904,3.2863868940920433
m1905,0.520018007729973
m1906,2.88093952509137
m1907,3.6564594575745923
m1908,
m1909,3.4372520550707932
m191,2.230374864243538
m1910,3.5420445097990947
m1911,2.846350999397226
m1912,3.736319280273377
m1913,3.6783973047211567
m1914,3.7125118121599945
m1915,
m1916,3.3838622272535446
m1917,3.121095557210381
m1918,3.057334010659956
m1919,2.9860949026535097
m192,1.040036015459946
m1920,2.699685587884751
m1921,3.706936170206299
m1922,3.1416118860882527
m1923,3.8463847258813644
m1924,2.453691982889176
m1925,3.588708454275099
m1926,2.7896483736002784
m1927,4.092527903801386
m1928,3.0808632203780544
m1929,3.616215413064495
m193,1.906284962034677
m1930,1.7604099353908769
m1931,3.932036864110526
m1932,2.9232677546761745
m1933,2.9032257608151695
m1934,3.8032904855615333
m1935,3.873057602552414
m1936,3.6874978831364396
m1937,3.4707704605909115
m1938,3.7673587874366485
m1939,4.008332720240836
m194,3.626970234861335
m1940,3.723895799118106
m1941,3.603847861011168
m1942,3.8876627145806073
m1943,3.027192929892304
m1944,4.007944372940734
m1945,4.1980043719415745
m1946,3.8602491920296984
m1947,3.9882123657988027
m1948,3.723956749503217
m1949,4.128605868409363
m195,2.702760032239781
m1950,4.04657411493329
m1951,3.5552104646098113
m1952,4.043960782775924
m1953,4.043462452860295
m1954,3.8871316451028335
m1955,3.714637719138575
m1956,3.9092498863105174
m1957,3.715570363971474
m1958,3.5143176228325803
m1959,3.569992381887424
m196,2.7401475399968254
m1960,3.9055038283799997
m1961,4.009373622607669
m1962,3.80763944678975
m1963,3.949283775243469
m1964,3.711775719335916
m1965,3.608188612876046
m1966,3.5056807269605654
m1967,3.552637493046202
m1968,3.8342717316226276
m1969,2.186005405824866
m197,2.5416132900333404
m1970,2.505577770546635
m1971,2.108278695434961
m1972,1.853653036697232
m1973,2.028517955591664
m1974,2.916159764927053
m1975,2.2549154968190073
m1976,1.832146938765697
m1977,1.9978126898363116
m1978,1.856263466259254
m1979,1.950439814693433
m198,3.211940673353217
m1980,1.9089680387445933
m1981,1.6173290539957592
m1982,3.614325223241342
m1983,2.590678705290908
m1984,1.8572178347762658
m1985,2.191284674690701
m1986,1.9192788879152824
m1987,2.1195714322422092
m1988,1.8167855450714971
m1989,1.0905506666607083
m199,3.604640414125342
m1990,1.159195170908823
m1991,2.5568656270912578
m1992,1.92374818526857
m1993,1.681030209459782
m1994,3.618740600904374
m1995,2.28045868024241
m1996,1.6445110655969706
m1997,3.8832695285379386
m1998,1.5956753457869968
m1999,2.5322613759022126
m2,3.1283601288648404
m20,2.3975138542266627
m200,1.8035595581448822
m2000,3.844798359655546
m2001,3.4883002195922344
m2002,3.1863269714927385
m2003,3.2005912575639286
m2004,2.3960693257316907
m2005,3.4164558634494613
m2006,3.504073592981514
m2007,2.461585499721316
m2008,1.9968591644604254
m2009,3.426500137222061
m201,2.2663480998990817
m2010,3.9892974680460838
m2011,3.287556692373215
m2012,3.182778800350875
m2013,3.383054134681928
m2014,3.0327920796277974
m2015,3.3582242500123205
m2016,2.4558241136326613
m2017,2.8322486459101874
m2018,3.6575248932684317
m2019,4.50235123872194
m202,2.1040843754485614
m2020,3.9069848445079223
m2021,3.2735966531424605
m2022,3.382123877565966
m2023,3.2708738425632906
m2024,3.149447558554063
m2025,3.2163559040662673
m2026,2.521792892750986
m2027,2.2641032504704524
m2028,4.305170371604749
m2029,3.468667851978755
m203,2.8932722020640407
m2031,2.674985676229242
m2032,2.5856149638231694
m2033,3.009800723334982
m2034,2.6549910327009565
m2035,2.8247839662294183
m2036,2.0050631325199673
m2037,3.301234003185828
m2038,2.7564520340619643
m2039,
m204,2.774797994117311
m2040,2.775090017108482
m2041,2.476134400949141
m2042,2.4787623668776937
m2043,3.11807511199388
m2044,2.2891130416295837
m2045,3.211590711260584
m2046,3.3874592257031395
m2047,2.7815061060987802
m2048,3.3311463640891956
m2049,2.9758435338245857
m205,3.3750047086569888
m2050,2.321017982509847
m2051,2.3312827924321136
m2052,2.6960646890167634
m2053,2.1546111726682766
m2054,2.876430057665878
m2055,2.566848451414696
m2056,2.945412061621022
m2057,3.158892583685057
m2058,3.549127105766893
m2059,3.150390601733259
m206,3.4424429297945593
m2060,2.8197098048211684
m2061,2.8484849646390513
m2062,2.955441114850368
m2063,1.2715275596492759
m2064,4.0062432437931585
m2065,3.5173421112868266
m2066,3.987303525761085
m2067,3.9862440474987832
m2068,3.7107775965920515
m2069,3.623333941203079
m207,2.9874591618817816
m2070,3.78801673516703
m2071,3.8053984998503556
m2072,2.7861606268250045
m2073,3.4151152612718416
m2074,3.175844016071808
m2075,3.5263198752470535
m2076,3.681506133391918
m2077,3.3592886078009716
m2078,3.7467627590446146
m2079,3.302418216255262
m208,2.5445574253228997
m2080,3.7442618300558275
m2081,3.694645018614919
m2082,2.779286688407644
m2083,3.481787962160895
m2084,2.8743645376974922
m2085,3.515479586543343
m2086,3.1802263270283486
m2087,3.5859927111772807
m2088,2.4964709496195785
m2089,3.0710082800225265
m209,2.1899454131271683
m2090,3.3501695689391275
m2091,2.67336206063128
m2092,2.2764487186889837
m2093,2.713332732510195
m2094,3.038125869498655
m2095,2.7984306983458995
m2096,3.6308384222503776
m2097,3.366172090577461
m2098,2.891163952552945
m2099,3.462690598730954
m21,3.574136307723224
m210,2.859517465677065
m2100,3.3814206947825256
m2101,2.90280934475445
m2102,3.231045186426851
m2103,2.773721732916208
m2104,3.1288016255422684
m2105,3.2905909656304266
m2106,3.139498404622027
m2107,2.5296338907662617
m2108,3.6449973203458477
m2109,3.660772869561018
m211,3.307951517510057
m2110,3.165789266484393
m2111,3.1173470803518866
m2112,3.3834605407536547
m2113,1.9095949670855188
m2114,3.579285724453949
m2115,3.6176761266796196
m2116,3.2266271791255985
m2117,3.605951464540899
m2118,3.610425806778703
m2119,2.0930566037889435
m212,1.4061900747081189
m2120,2.8155863267724417
m2121,2.5983516486948894
m2122,2.2965972316492147
m2123,2.7304849356037852
m2124,3.0980204046912485
m2125,3.622357273217286
m2126,2.6559518453609003
m2127,2.23484868811834
m2128,2.8858484372149222
m2129,2.8618158930598256
m213,3.875468140681544
m2130,3.7337792458041412
m2131,3.2833079046233142
m2132,3.96497930143747
m2133,3.19099743942093
m2134,3.3420601315369454
m2135,3.0791875404974873
m2136,3.012686352953739
m2137,3.7416122240520435
m2138,3.740353589963256
m2139,3.7527596595988824
m214,3.937246225162538
m2140,3.579387476267877
m2141,3.3319334008420354
m2142,2.689778497623453
m2143,3.1601175006804274
m2144,3.6447974365843745
m2145,3.2992532862894204
m2146,3.0103222426911045
m2147,2.423324869603193
m2148,2.718553155049765
m2149,2.0365647948677132
m215,3.649367315060128
m2150,3.65057531359781
m2151,2.9772951271430697
m2152,1.8226410266085449
m2153,1.8759185161696477
m2154,2.601679823362155
m2155,3.1974942622518627
m2156,2.9273439958309626
m2157,2.7203514514961187
m2158,1.9422237672003684
m2159,3.323398548320458
m216,3.053071586402355
m2160,3.741118927214275
m2161,3.527540050694345
m2162,2.242237103915339
m2163,2.4463067711404336
m2164,1.5280418568462686
m2165,3.1642631460470474
m2166,3.353588019078374
m2167,3.4017936163647926
m2168,2.8477335893454923
m2169,2.4691652135618676
m217,2.3576879964719626
m2170,2.3320671650764178
m2171,3.54487826041936
m2172,2.7600090038649867
m2173,3.3587257076181203
m2174,3.5188079097145883
m2175,3.35141522885805
m2176,3.7780228496652764
m2177,3.0237191325019936
m2178,3.498245528621451
m2179,2.852313233147684
m218,2.985768367368659
m2180,3.084687434900608
m2181,3.4018613070748343
m2182,3.4020028799657025
m2183,3.805289752215005
m2184,3.4441637439847432
m2185,3.141711301688826
m2186,4.234221130003933
m2187,3.2135164815786346
m2188,2.638371382445732
m2189,3.3528139108909545
m219,2.7815061060987802
m2190,2.564490942682399
m2191,2.230447670560706
m2192,2.023147555310141
m2193,3.4269000607841558
m2194,3.961725915891231
m2195,2.814637765629722
m2196,2.062443971068042
m2197,3.491735648064549
m2198,2.040036015459946
m22,3.250708825445303
m220,1.4862675524598778
m2200,2.1296016227331265
m2201,3.0402827393014986
m2202,3.8194630182219367
m2203,4.161132505350815
m2204,3.6415015170803784
m2205,3.1421686854899655
m2206,3.878807961643109
m2207,2.188263028722681
m2208,4.0665735301186405
m2209,2.52422390564325
m2210,3.480073538518913
m2211,2.9387389605404315
m2212,3.672126229394272
m2213,
m2214,
m2215,2.9882210957205166
m2217,
m2218,
m2219,2.7337403597927463
m222,3.4543890185516157
m2221,2.236394812580473
m2223,2.6800120051533156
m2226,
m2227,3.0246816625037884
m223,3.8940996936032297
m2231,3.519068956270688
m2232,3.324747656129868
m2233,1.1199088323644693
m2234,1.2967157188395904
m2235,
m2236,3.4646035894243807
m2237,3.3497817486569916
m2238,3.561471907221609
m2239,3.511978631317432
m224,3.2958128227528074
m2240,3.3930208062828555
m2241,2.6036558371636307
m2242,1.660793559092526
m2243,3.6877739595716608
m2244,0.9570853251891203
m2245,3.3383717406836957
m2246,2.2355782788203538
m2247,2.998961310417687
m2248,3.962313397479869
m2249,3.0637997570543853
m225,3.0594977083510684
m2250,2.886846847484559
m2251,2.520018007729973
m2252,2.8755783307770315
m2253,2.4497462717429523
m2254,
m2255,2.388734105685855
m2256,1.9209457640232301
m2257,2.397345198539372
m2258,1.040036015459946
m2259,2.577196063312703
m226,
m2260,2.467696835269675
m2261,3.174941766181941
m2262,3.054074083925246
m2263,2.948791817608884
m2264,2.3858912551624867
m2265,1.757719317557192
m2266,2.7389488972455953
m2267,2.732972263319265
m2268,3.87991362655896
m2269,2.6172164624557213
m227,2.5043482957733616
m2271,3.0923944244857484
m2272,3.281538854715266
m2273,3.4958155678799945
m2275,3.0390360849805322
m2276,3.506499225695404
m2277,
m2278,3.4601761612581248
m2279,2.5724499102128418
m228,1.6172643888693012
m2280,3.27404383164187
m2281,2.9024794275425485
m2282,3.4026196713699624
m2283,2.6700509315800534
m2284,3.5022493729371877
m2285,3.659118715166151
m2286,2.183092362254715
m2287,3.3180364190229863
m2288,3.7131868806790522
m2289,3.907454957716681
m229,3.3079095323591394
m2290,3.1024821752266005
m2291,3.5431932180995753
m2292,2.039249367494575
m2293,2.8771860133312774
m2294,3.411558692474829
m2295,3.6124138955989906
m2296,2.187825891302319
m2297,2.9859204536302406
m2298,1.4447086503163065
m2299,3.2600090038649867
m23,2.682236316642146
m230,3.3558862352764427
m2300,4.077369877812596
m2301,3.4824357597212194
m2302,3.732025988077558
m2303,3.808314663296029
m2304,2.7314440066256913
m2305,2.985198044157491
m2306,2.2445474492727504
m2307,2.2738338971706638
m2308,
m2309,3.520018007729973
m231,3.091617761994024
m2310,3.6434389779676915
m2311,3.3314409878167526
m2312,3.736463168390297
m2313,3.937544518366305
m2314,2.8707740790042235
m2315,2.1608800641366144
m2316,2.8525342152873456
m2317,1.8900135057974798
m2318,3.776511222245563
m232,3.990232458534686
m2320,2.9699843473173555
m2321,3.643704910425415
m2322,2.807560686613119
m2323,3.5931436811318407
m2324,4.276504992079825
m2325,2.9018052848588476
m2326,2.3176281276273554
m2327,2.6562436339521818
m2328,2.673655278837506
m2329,4.160533286941855
m233,3.4680573699968202
m2330,3.9756224088035697
m2331,3.0790156161267426
m2332,2.2188545575017167
m2333,3.735621132800171
m2334,3.0314305521329503
m2335,2.8096008208171215
m2336,3.9729347834339808
m2337,2.9976162651689067
m2338,2.070318968074551
m2339,2.596331356269906
m234,2.046200818031352
m2340,3.140370066389838
m2341,2.985166137522179
m2342,2.9755366263980187
m2343,
m2344,3.2856620720589986
m2345,3.119287681058994
m2346,3.1975961004434508
m2347,3.5783137147148603
m2348,3.449072085892464
m2349,3.4819879005115135
m235,3.631675231591487
m2350,2.350471139620985
m2351,4.011103101138868
m2352,3.810361924294734
m2353,3.6314483600871914
m2354,2.5798319433417243
m2355,3.812613724093087
m2356,2.685572135238682
m2357,4.1888974788079025
m2358,3.199848053940782
m2359,3.8096911503174358
m236,3.1981885677354103
m2360,4.140361859744187
m2361,3.0387474759921798
m2362,2.474236832383859
m2363,3.1831556651907906
m2364,2.5743730874829334
m2365,2.5654939918254356
m2366,3.583603854683503
m2367,2.6420803985558794
m2368,1.4729538940612892
m2369,2.8852573644376647
m237,2.849360385332165
m2370,3.3704887239146686
m2371,3.5130178544496906
m2372,2.8249504131746455
m2373,2.3303795594271333
m2374,2.818849148808135
m2375,2.7958887414996934
m2376,3.1684988454168477
m2377,2.785536276477682
m2378,2.8948996591102656
m2379,2.251596756540631
m238,2.3600011861267975
m2380,1.8888964572429185
m2381,1.7640506931683895
m2382,1.6056547604291231
m2383,1.5086607433896377
m2384,3.1844121372592724
m2385,2.4172870931847235
m2386,1.6859155250904625
m2387,2.6038783514439108
m2388,2.8658545678607465
m2389,2.5088373536526256
m239,2.695098002479355
m2390,3.588144026428744
m2391,3.6841961337313656
m2392,2.086673809336242
m2393,3.2783096516516292
m2394,3.4912305016126446
m2395,3.780909410466708
m2396,4.089617273468035
m2397,2.9917724444346088
m2398,3.866082190512989
m2399,2.5219653347039253
m24,3.095732404420478
m240,2.383725339216363
m2400,2.564567393113222
m2401,3.678184326163563
m2402,2.722575773249317
m2403,3.4705796844725656
m2404,2.2202135261223734
m2405,3.0920569726325566
m2406,3.642980534011402
m2407,3.48305324718071
m2408,2.4143369378171644
m2409,3.0855659879703183
m241,2.908066242879923
m2410,2.7722202538901675
m2411,2.5280936389178286
m2412,1.9694422879809759
m2413,3.142310024591064
m2414,3.3007807276042156
m2415,2.2867609532261683
m2416,3.0429143579340905
m2417,2.7168848878139777
m2418,2.896059021818441
m2419,2.979129113613873
m242,3.271367072366964
m2420,3.339266381429563
m2421,2.590645177900628
m2422,2.0132437194877553
m2423,3.4951360903946465
m2424,3.310399493813446
m2425,3.400685372713613
m2426,2.4453401834938333
m2427,3.314450000317711
m2428,2.687709789714035
m2429,2.6822380661985736
m243,1.483657891677955
m2430,2.9350175937610774
m2431,3.027921418382533
m2432,2.981483573150351
m2433,3.291718550369449
m2434,3.4149881892685414
m2435,2.8493074078841976
m2436,3.4009993703556427
m2437,3.4807442751761233
m2438,
m2439,3.47538366153157
m244,1.357310546518653
m2440,3.0611150766243482
m2441,2.6543767679682513
m2442,3.6920256166345626
m2443,3.4089018056087
m2444,3.1234774594234187
m2445,2.5679637095530206
m2446,2.2563071197097027
m2447,2.9291219491205
m2448,2.194649730762789
m2449,1.2395778732838032
m245,2.409048623697337
m2450,1.9971002064063168
m2451,2.441472822698683
m2452,1.1427097597527034
m2453,3.1109603768976117
m2454,3.26455469876906
m2455,3.3813825299051383
m2456,2.196645228735703
m2457,3.27416926010933
m2458,2.3040721998707423
m2459,3.056503056726859
m246,4.127200393711834
m2460,2.1292776939545366
m2461,1.8236924854160863
m2462,1.5235441161590764
m2463,3.376196445830794
m2464,2.109427278750858
m2465,1.7141777823454691
m2466,2.93565375200361
m2467,3.8018953196296237
m2468,2.652687991320302
m2469,3.1952325222135616
m247,3.7799986836869146
m2470,3.369276788566605
m2471,2.5345673385762146
m2472,2.8348502937460016
m2473,2.28027076808714
m2474,3.3743812960836395
m2475,3.149068607993851
m2476,3.245296717187871
m2477,1.9848700688339247
m2478,3.0254272290710595
m2479,1.9713755116528953
m248,2.7450131284359816
m2480,3.520018007729973
m2481,3.3080714475773214
m2482,2.9201366451302926
m2483,2.2513103808725634
m2484,
m2485,2.9552647155370244
m2486,1.3422302256577656
m2487,1.588586863768548
m2488,3.6433374678601216
m249,3.6440716589844264
m2490,3.440382937312175
m2491,2.525210631196368
m2492,2.664613789859239
m2493,3.769530669611419
m2494,3.6530308394549573
m2495,3.366336083461987
m2496,3.2652511995255726
m2497,2.6548968027969115
m2498,2.139125775385277
m2499,3.2365593182729238
m25,3.5825572304958024
m250,2.1734822861306164
m2500,2.3936359518102854
m2501,4.06907320394224
m2502,3.7561496422327108
m2503,4.340006002576658
m2504,2.7219836663114716
m2505,2.7316500535198998
m2506,3.168456069157394
m2507,2.606102782390606
m2509,2.3422302256577656
m251,2.835083115899412
m2510,3.0133453384866487
m2511,3.6711831562320856
m2512,3.3390297788270304
m2513,2.833292902057587
m2514,1.8548958619766054
m2515,1.522936346236653
m2516,1.5270892156433753
m2517,2.9454190846574635
m2518,3.3682030725998064
m2519,3.0053213011036606
m252,3.1789533719778684
m2520,2.985292546510441
m2521,2.4039066172188934
m2522,2.1424564604481304
m2523,2.022318410232009
m2524,2.901863243908451
m2525,2.0679528289423845
m2526,2.201605068204336
m2527,3.344399588709721
m2528,3.39537069173195
m2529,3.653721505469263
m253,3.4497855629967726
m2530,2.8367386351766197
m2531,2.716746747486331
m2532,2.7313208720174
m2533,2.945126471745227
m2534,2.1492102852695627
m2535,2.6790320104459338
m2536,1.6099268923634142
m2537,1.6552263930411062
m2538,2.133297255886964
m2539,3.3210924968731086
m254,2.818836532920779
m2540,2.8752097180064538
m2541,3.1337065154519825
m2542,3.8192362251319905
m2543,2.520018007729973
m2544,2.404298833023452
m2545,2.07680272478595
m2546,2.80250759222063
m2548,2.0261174292301734
m2549,2.0557101640531172
m255,1.800151192394877
m2550,3.3256925926485317
m2551,3.1316130024301683
m2552,1.835455979033386
m2553,3.224875800522291
m2554,2.9891169839176492
m2555,1.5542259985721594
m2556,
m2557,2.070687750180832
m2558,2.623364660894169
m2559,2.1102355798338235
m256,2.5125005371943074
m2560,2.9290294154298047
m2561,2.8744615117684194
m2562,2.7053663010901836
m2563,
m2565,3.861377321413806
m2566,2.0611050728550726
m2567,3.10282600863284
m2568,1.9742759764940312
m2569,3.0637587034184772
m257,3.0326450291019125
m2570,3.4063716374485873
m2571,4.279978409359644
m2572,3.3495319471903
m2573,3.1567755730047153
m2574,2.5259003821652106
m2575,3.8397265880373506
m2576,0.8684142659238281
m2577,3.003138778485189
m2578,2.934207132961914
m2579,3.4508614526901615
m258,2.2337844922252574
m2580,3.7874566184551153
m2581,3.0906733494575973
m2582,2.8155395743158165
m2583,3.4790324985971295
m2584,
m2585,3.5683385855879086
m2586,2.500626363530226
m2587,2.7818720507974186
m2589,2.460924053219335
m259,2.646694089686528
m2590,2.722253830138679
m2591,0.04003601545994595
m2592,
m2593,3.368017789412539
m2594,3.679583073738257
m2596,3.4381469956082387
m2597,2.3346206053717364
m2598,2.932723483512666
m2599,3.8837907823277598
m26,3.3442598470470606
m260,4.424996294397309
m2600,3.1420172668091535
m2602,1.7698032640285242
m2605,3.099245742691521
m2606,2.5477553642731325
m2607,3.8643078359319967
m2608,2.119908832364469
m2609,4.024758223171374
m261,3.540870331520714
m2610,3.602604806122229
m2611,3.7647281995140713
m2612,3.9549227892916625
m2613,2.9790790868098913
m2614,1.6584898749553583
m2615,2.8726489144832437
m2616,2.6049792709053636
m2617,3.2534599157790636
m2618,3.60407377878213
m2619,
m262,3.7243231753269326
m2620,3.437594014569047
m2621,3.4099685390295438
m2622,3.2522227989499792
m2623,1.5168830348024194
m2624,3.8949343716750064
m2625,2.8070721519278226
m2626,3.209531756948272
m2627,2.8579142895140817
m2628,3.363262178463117
m2629,2.5799546832979416
m263,3.4838163838971328
m2630,3.169136887000695
m2631,1.1234774594234185
m2632,2.353768085014609
m2633,3.361891484654014
m2634,3.034035439110246
m2635,2.6109712349613523
m2636,1.8907458549091043
m2637,2.2884013623929746
m2638,2.46293495606646
m2639,3.0404903401940464
m264,2.0571544290517627
m2640,3.4850337015153308
m2641,3.0980774850517
m2642,2.2528218803471205
m2643,1.7816593364298927
m2644,3.68769687839808
m2645,3.1221299063324657
m2646,2.4964248235749147
m2647,2.8647386895463924
m2648,3.8801916859890575
m2649,3.054327513799955
m265,3.8620333721324553
m2650,2.3308349414268537
m2651,2.9008004828026666
m2652,2.5665058727730266
m2653,2.3972146110492787
m2654,3.5987938794936407
m2655,1.4549852316269754
m2656,2.4876457901450704
m2657,3.2208204474129345
m2658,2.3224657031401064
m2659,2.879812116772932
m266,3.344979714675163
m2660,3.7105073718133186
m2661,3.1323548312819574
m2662,3.7861859969343006
m2663,2.787009580732121
m2664,3.835518597532768
m2665,3.165729098653059
m2666,2.7594436695108513
m2667,2.3164585203609844
m2668,2.4220064242845365
m2669,3.5650176947599186
m267,2.525119835545345
m2670,3.9021850322188483
m2671,3.5929440027688715
m2672,3.0883759267861426
m2673,2.7727274469585774
m2674,2.208913647225504
m2675,2.563340473739741
m2676,3.011562401697399
m2677,3.9269290200474636
m2678,2.691787862882816
m2679,1.6006105396891197
m268,3.142774040922175
m2681,3.2465774092275597
m2682,3.882276812152171
m2683,3.3288478120342218
m2685,2.199848053940782
m2686,3.8847164345337584
m2687,3.568870547624406
m2688,3.067908575334291
m2689,3.0488550605337936
m269,3.312361421276474
m2690,3.605069672128836
m2691,2.4683321740394057
m2692,4.172663573234263
m2693,3.7308421045224818
m2694,3.0603740343524635
m2695,1.5443472432170315
m2696,3.439167963593962
m2697,3.483376078596758
m2699,2.951411392574881
m27,2.6882549932660056
m270,2.799942368481251
m2700,3.692471228086649
m2701,2.0890216979130365
m2702,2.9673828473599366
m2703,
m2704,2.6717878997545808
m2705,1.381243569703385
m2706,3.6526977022154217
m2707,3.426432834897263
m2708,3.567770373096307
m2709,3.0361325735329685
m271,2.9130164754929764
m2710,2.9581710756896986
m2711,3.2223690031348733
m2712,3.120747586487044
m2713,2.3953863134046967
m2714,3.0422104329764377
m2715,1.7635355693792991
m2716,3.8684374847329437
m2717,2.8247661142489533
m2718,3.014210780929749
m2719,2.2860015852821993
m272,3.6373612303275467
m2720,2.0597192026931586
m2721,3.531257376847658
m2722,2.7870979691165636
m2723,2.933646737241347
m2724,3.040238045423486
m2725,3.5421126343881384
m2726,4.0238429199435775
m2727,3.204964336640714
m2728,3.9361421748310543
m2729,3.7461982174849133
m273,2.761789604697656
m2730,3.3754989729120037
m2731,4.196176717023593
m2732,3.8111561650896943
m2733,2.107949239022404
m2734,3.2761679355183526
m2735,2.808735560450752
m2736,3.3199594909827606
m2737,2.5059812804020813
m2738,3.23860931205484
m2739,3.7592712593497426
m274,1.9695246468316594
m2740,2.1734486090160465
m2741,2.735856079255498
m2742,
m2743,3.0670736829620426
m2744,3.3875537034047847
m2745,3.7728395055722626
m2746,3.2649713459040877
m2747,3.201478637519481
m2748,1.8869753389809825
m2749,3.0568109652745097
m275,2.311692596059816
m2750,3.5901825191207304
m2751,2.5402903870950486
m2752,2.8274804201143993
m2753,3.2766884691462606
m2754,1.3029382409345334
m2755,2.298422897654689
m2756,2.930416147773986
m2757,3.690478960021353
m2758,2.485556031519237
m2759,3.2572001867303864
m276,2.565050018753918
m2760,2.3085920088342546
m2761,3.976523318180612
m2762,4.374602519641549
m2763,3.585841871422412
m2764,3.4787036399854205
m2765,1.6918890607330532
m2766,3.2181872750696887
m2767,2.587792723582389
m2768,2.597071654367947
m2769,2.9814638632098944
m277,3.0382304382956384
m2770,3.1984580403746077
m2771,2.735138133408867
m2772,2.894300694279207
m2773,2.2329052407799925
m2774,3.234702441745132
m2775,2.622216000304273
m2776,3.02806882031717
m2777,0.7604099353908769
m2778,2.2352375843895915
m2779,3.529037571328978
m278,2.4543349650249096
m2780,2.9373714865950364
m2781,2.895725622030391
m2782,3.3181254771935995
m2783,2.0012211120971966
m2784,2.9548443269374256
m2785,2.580626363530226
m2786,2.1515979509563845
m2787,2.766957022001287
m2788,4.063195088100017
m2789,2.83813684668377
m279,3.4338360809987467
m2790,2.4137965299377044
m2791,3.9247674627089006
m2792,2.893829126183638
m2793,2.619078698728155
m2794,2.8130281652772653
m2795,3.762172377425804
m2796,2.813209253193723
m2797,3.8108610626783155
m2798,1.7739496382498152
m2799,1.3581255934785417
m28,3.928078768182512
m280,3.4550327362144584
m2800,2.4619044313431706
m2801,3.2969783251476428
m2802,2.990385754339292
m2803,3.17325963275225
m2804,4.190898346934913
m2805,2.7803544121574544
m2806,2.484000854000409
m2807,1.5761633442189256
m2808,2.4081570165185022
m2809,2.0280418568462686
m281,3.5384331207028925
m2810,3.5888039452805662
m2811,
m2812,2.9587227432938596
m2813,3.206500734395632
m2814,2.266363313345787
m2815,2.4765118187951582
m2816,1.728511086101711
m2817,1.4727998003214848
m2818,1.3881847318704073
m2819,3.9567205000126666
m282,3.074430339893908
m2820,3.269661223568632
m2821,1.3600240103066306
m2822,2.928490694281424
m2823,0.6234773509752278
m2824,3.546157020787488
m2825,0.7297153673337244
m2826,3.077049317877064
m2827,2.327127859237372
m2828,1.9152560495544262
m2829,2.7956740459828437
m283,2.5246389099608764
m2830,2.736751616484466
m2831,2.3618158930598256
m2833,2.5734509871259235
m2834,2.957989243948634
m2835,2.2812212393722078
m2836,3.162427120902724
m2837,2.8844492242266178
m2839,3.8816702368698706
m2840,2.791153968233081
m2841,3.5483736304366933
m2842,3.1674034243487528
m2843,3.437333004652718
m2844,2.9475968389675726
m2845,
m2846,3.2164648447948014
m2847,3.5972784570049914
m2848,3.6694190904366994
m2849,2.4433972330804172
m2850,1.6918890607330532
m2851,2.285098739267205
m2852,3.62681390566451
m2853,2.473080961464299
m2854,1.756782109890306
m2855,1.789739730831911
m2856,2.542366509059948
m2857,3.591219781752041
m2858,4.2847431050144875
m2859,4.1360795773186325
m286,
m2860,3.08492121694417
m2861,3.026381555969494
m2862,2.3400331222270885
m2863,3.803204300041181
m2864,2.3373996649478097
m2865,2.6123157691591796
m2866,3.5817841885983737
m2867,3.3221947893833046
m2868,2.0684423154668687
m2869,0.9381409060879242
m287,2.4791042344281986
m2870,3.4779081427954597
m2871,3.8734614635270237
m2872,3.742886811589934
m2873,2.3313428599027817
m2874,3.296538889971819
m2875,3.137102436425217
m2876,2.2828738179517054
m2877,2.872104481515145
m2878,1.8738604918232105
m2879,3.3181812262657147
m288,3.0474489398130906
m2880,3.21955109414787
m2881,3.127664628241929
m2882,2.5660067811412564
m2883,3.437424148938324
m2884,2.303056871552112
m2885,3.126888913048056
m2886,1.7828486937597523
m2887,1.0168830348024194
m2888,2.563135865321881
m2889,3.3251129083791824
m289,3.1979643641176017
m2890,3.74598465501368
m2891,3.3476993727128965
m2892,1.7564024916032521
m2893,2.4790550867072616
m2894,2.2870104577716606
m2895,
m2896,2.986267552459878
m2897,2.7015970557594433
m2898,2.5487665634806453
m2899,3.371368968317183
m29,3.964712233725448
m290,3.7729576959052573
m2900,2.5118983806686392
m2901,3.0777769004799826
m2902,2.2700644081277965
m2903,1.863792253756402
m2904,3.1940396017383677
m2905,4.46725529998401
m2906,2.1996137218580447
m2907,2.2798273488659397
m2908,3.9456039563756002
m2909,
m291,1.9287162381129022
m2911,2.263317632161624
m2912,3.589276277093378
m2913,2.6268169582241607
m2914,1.491735648064549
m2915,3.578842577739323
m2916,3.641316399536303
m2917,3.9587655725004107
m2918,4.073408459971298
m2919,3.8078165546284
m292,3.2012765566848516
m2920,4.007973759051489
m2921,3.7892259067925527
m2922,3.6465589664782976
m2923,3.0337546076921353
m2924,3.7317025282204805
m2925,3.9778255290364997
m2926,3.2518359648231594
m2927,3.884475073197788
m2928,3.109619998474959
m2929,3.3277616221311517
m293,4.050625886609927
m2930,3.6160144061839787
m2931,3.6434201911165314
m2932,3.774300176139643
m2933,2.5733493402044205
m2934,1.070687750180832
m2935,4.040491735239284
m2936,3.9488825186121908
m2937,4.130764332603628
m2938,3.315930849566333
m2939,3.2335845719144145
m294,2.7979458826503354
m2940,3.8396821249266777
m2941,3.5037779454967213
m2942,2.991226721261742
m2943,3.64367456985274
m2944,3.943401373503169
m2945,2.300655198363806
m2946,3.662532554507366
m2947,3.915912289676265
m2948,3.831544932895911
m2949,3.8118813995904266
m295,2.4563715377322133
m2950,2.2234311197646277
m2951,3.9238424641819294
m2952,3.6182852955174276
m2953,2.278801021027834
m2955,0.614096175650322
m2956,2.9855194487725196
m2959,4.0216172039146265
m296,4.236990436203386
m2960,1.5168830348024194
m2961,2.6808528583709754
m2962,2.563340473739741
m2963,3.237564038761567
m2964,2.4523950341267917
m2965,1.7766188339699738
m2966,3.970781681394389
m2967,3.5755424733720216
m2968,3.6325875548824005
m2969,3.70743220831582
m297,2.630671462588644
m2970,3.7818294682667077
m2971,3.7122026253538296
m2972,3.7629914738387713
m2973,3.9681915409003374
m2974,1.5802388144045374
m2975,2.8262722144170227
m2976,2.972501343070577
m2977,2.5488417851443708
m2978,2.648240244557897
m2979,1.8262461522540854
m298,3.6399174218115857
m2981,3.0856361097523357
m2982,1.7934804833753457
m2983,3.791374334709085
m2984,2.5733493402044205
m2985,3.396035838842482
m2986,2.294668013337227
m2987,3.635240016853656
m2988,3.489742935699068
m2989,3.4177804042077713
m299,3.4993491843142523
m2990,3.103336624741566
m2991,3.511623025119958
m2992,2.0588057053286404
m2993,3.623883254752787
m2994,2.8305448515788023
m2995,2.1938549536652605
m2996,3.2254418111636003
m2997,4.083220869954011
m2998,2.8154109952604003
m2999,3.199848053940782
m3,2.92066100836945
m30,3.417915589800086
m300,3.699001897119018
m3000,4.047742654157578
m3001,1.2534699784636256
m3002,3.6204676369434545
m3003,2.3618158930598256
m3004,2.3481578476626965
m3005,3.3024815650570303
m3006,4.002311061607604
m3007,3.8945169425375843
m3008,3.429499209612558
m301,3.0215242589620384
m3010,3.257212243100697
m3011,3.458284138726672
m3012,2.4668704987923693
m3013,2.610098410120333
m3014,2.6168213446085193
m3015,3.226789393614951
m3016,3.073750209166788
m3017,2.3267303218978554
m3018,3.3264203439183464
m3019,3.8336447157976
m302,3.610170999556669
m3020,3.364661553322569
m3021,2.3915969970391693
m3022,4.244591598789037
m3024,2.1819442136239386
m3025,2.7647779729425004
m3026,0.7592032454662534
m3027,0.8628622879228494
m3028,3.5920866211997478
m3029,3.1471084591636287
m303,2.8808157156305145
m3030,4.290600131055337
m3031,1.8504252542739286
m3032,3.409035656777267
m3033,3.207061786243685
m3034,3.64213001991372
m3035,4.0714309700630515
m3036,3.058263182141565
m3037,3.9759013718762852
m3038,4.01421645598602
m3039,3.7737841765312954
m304,2.7913023790232376
m3040,3.2004142467378487
m3041,1.5011295199549117
m3042,1.3431773351565373
m3043,1.3741978929504879
m3044,3.786153153586331
m3045,2.9105118319496563
m3046,3.2902539192000892
m3047,3.193454284024625
m3048,2.100055907654771
m3049,2.9263937272276324
m305,2.324750767483686
m3050,2.458540191652371
m3051,2.8060253757550475
m3052,3.643516796630604
m3053,2.892819155206304
m3054,1.7739243125093438
m3055,3.173118843268769
m3056,3.253469978463625
m3057,
m3058,1.536010819875353
m306,4.1333838700845975
m3060,3.7629940710011
m3061,3.775783366661673
m3062,3.8800160027832753
m3063,2.55314782237504
m3064,2.2072074610627888
m3065,
m3066,3.5633877329264685
m3067,3.8003290277144997
m3068,3.788955430669321
m3069,3.614160685289067
m307,3.9811875840880173
m3070,3.2957841636385714
m3071,3.6807274953000344
m3072,3.7247671097073844
m3073,2.8703291161148785
m3074,3.657325881090257
m3075,3.7772272135460327
m3076,3.516447971605388
m3077,4.037924144415409
m3078,3.506312291724192
m3079,3.745096011973102
m308,3.8374988875885427
m3081,3.4604823334525756
m3082,3.3144033602299316
m3083,3.9900896620371715
m3084,2.520018007729973
m3085,-0.43994597681008063
m3086,3.342025401480103
m3087,3.4005068992053715
m3088,4.000117251692056
m3089,4.259229243552754
m309,3.3778429675171138
m3090,4.019866998314373
m3091,4.145130926041512
m3092,3.5074368549786605
m3093,3.544248242321848
m3094,3.6636415010094057
m3095,4.053718546765331
m3096,3.782480552189074
m3097,3.924507691334558
m3098,3.758878146276114
m3099,3.1174139656094004
m31,2.9543078275503314
m310,1.6976345375394706
m3100,3.6821181203398816
m3101,3.6053676153542975
m3102,3.5354580857256113
m3103,2.8459092100560746
m3104,3.7950987942295833
m3105,3.716362058921237
m3106,2.797667203792566
m3107,3.3813628642761313
m3108,3.5611249163695384
m3109,2.9941707934381188
m311,
m3110,3.064255584720331
m3111,3.5762093505570993
m3112,3.1093764176514145
m3113,2.539971130629075
m3114,4.174966898934041
m3115,2.961877044856786
m3116,2.130973265705049
m3117,3.0429523755350516
m3118,3.3095147149505038
m3119,0.36002401030663056
m312,2.2328332114887077
m3120,2.8538091675823285
m3121,3.1297240409547142
m3122,3.132966028082742
m3123,
m3124,2.937871316748436
m3125,3.3590562241210744
m3126,
m3127,2.9409570803609473
m3128,3.180323710343183
m3129,3.596146514507106
m313,2.5794609420616434
m3130,2.2014729271362063
m3131,2.520018007729973
m3132,3.3607695577914667
m3133,3.3784057266961107
m3134,4.190105685494259
m3135,3.8238744379497573
m3136,1.040036015459946
m3137,3.44500675289874
m3138,2.953058197538465
m3139,2.6131302375843486
m314,3.74321833761067
m3140,2.4584317368395223
m3141,2.8123420997535673
m3142,3.19632685161789
m3143,3.340303405266176
m3144,3.004798593656183
m3145,3.2332002875297605
m3146,2.62603053907981
m3147,4.103224327023266
m3148,3.8861830407974787
m3149,1.5733493402044205
m315,2.463554382431473
m3150,3.3943020734753793
m3151,
m3152,3.878032435557825
m3153,3.502611799541914
m3154,2.9761775913882014
m3155,3.306877976897022
m3156,2.781265785424068
m3157,3.0616570569491945
m3158,3.3653240546337315
m3159,3.70783563922264
m316,3.431371086020563
m3160,3.8274636167591343
m3161,3.0149266480785983
m3162,2.056717023242689
m3163,3.5742491982162505
m3164,
m3165,2.363110148009282
m3166,0.8400060025766577
m3167,3.4862426761176635
m3168,3.6830983864560474
m3169,3.4110899682082256
m317,3.1125975598503683
m3171,3.644673307877658
m3172,
m3173,3.0312636806411306
m3174,3.4174273485947437
m3175,3.7263038009167286
m3176,3.4453336352844417
m3177,2.438934014017046
m3178,3.7662935217811446
m3179,3.281345792731337
m318,4.525466554996802
m3180,1.97580131303778
m3181,3.5346178824785044
m3182,3.788162021338019
m3183,3.3089691291957006
m3184,2.1234774594234187
m3185,3.3060298532674453
m3186,3.385374584891097
m3187,1.868414265923828
m3188,3.4169565294553124
m3189,3.537642775459351
m319,3.7895630804138363
m3190,1.9963382430659984
m3192,3.773061770555883
m3194,3.1631936725909413
m3196,4.1507120630137555
m3197,3.1963713425428955
m3198,3.98710855479509
m3199,3.1273735683820947
m32,3.8971195460938763
m320,3.0449000590160935
m3200,3.7165093641620026
m3201,3.8542083032607914
m3202,
m3203,3.601676086976943
m3204,3.5447288284246152
m3205,0.39492402845458807
m3206,3.0750998462452435
m3207,2.4666486279434823
m3208,2.6238139324637446
m3209,
m321,3.5175511129478467
m3210,3.775473077749065
m3211,3.3295146031580978
m3212,1.520018007729973
m3213,3.424577352706046
m3214,3.1443634059980554
m3215,2.5443472432170315
m3216,0.9777497852260417
m3217,3.14762325177806
m3218,2.8306997617568026
m3219,3.1709489988507467
m322,3.576443707510126
m3220,
m3221,2.9840644714340385
m3222,3.8834452514970814
m3223,3.0306223683446136
m3224,3.834860667118423
m3225,2.4569015074786353
m3228,
m3229,
m3230,3.471859557865558
m3232,2.4818184257420084
m3233,
m3235,2.7247781343395285
m3236,0.5600540231899194
m3237,
m3238,2.0005954652811573
m3239,2.0530327305343823
m324,3.707005283281369
m3240,2.928645788702336
m3241,3.400953939875106
m3242,3.0133453384866487
m3243,2.382733100511871
m3244,3.598077953510384
m3245,4.408007203091989
m3246,3.8216328437231653
m3247,3.0894085993325984
m3248,2.393317369462549
m3249,3.0310938965783882
m325,2.120352096051951
m3250,3.314847724880658
m3251,3.269979958696518
m3252,3.633420391135447
m3253,3.5457901415400084
m3254,2.7927410681616855
m3255,3.628577418335204
m3256,3.7002892857940273
m3257,2.778219360648198
m3258,2.6427822357155732
m3259,3.2733272577344628
m326,4.134878849288728
m3260,3.6427669640298355
m3261,3.401321456640447
m3262,2.778295444724063
m3263,3.117707154618878
m3264,3.00486608089937
m3265,4.037021243061378
m3266,3.483227665886201
m3267,3.6041427683044267
m3268,1.6337869840600379
m3269,3.1193316394823745
m327,2.482172104114539
m3270,3.155871570828392
m3271,3.757915685639276
m3272,3.031926631065822
m3273,2.640064287571638
m3274,3.02373930973161
m3275,3.3794195087212513
m3276,2.3523670324640116
m3277,
m328,2.939307389939366
m3280,
m3281,3.8124932715701716
m3282,3.1897397308319113
m3283,3.2053381353946597
m3284,3.4320060733981546
m3285,2.5985561370398513
m3286,2.021931300783293
m3287,2.533647295133405
m3288,1.614096175650322
m3289,3.486383573625861
m329,3.3166077289211344
m3290,
m3291,
m3292,3.2310008303280022
m3293,2.4006105396891195
m3294,-0.43994597681008063
m3295,2.520018007729973
m3296,3.678046893515266
m3297,
m3298,3.3865916002655396
m3299,2.1512902802735647
m33,2.199848053940782
m330,2.5568135485682117
m3300,3.2101793569599417
m3301,3.3017903768442918
m3302,3.050705033370337
m3303,2.397066656643987
m3304,3.3379298934605366
m3305,
m3306,3.5251965453231247
m3307,4.289083423122121
m3308,3.096764080470092
m3309,3.143477276302568
m331,2.739841880906619
m3310,3.523154073363059
m3311,3.4954029306003536
m3312,
m3313,1.877172754890192
m3314,1.5763621289470056
m3315,
m3316,2.644853059498526
m3317,3.872110791846279
m3318,3.181662399246891
m3319,2.687366675750013
m332,2.380981400149209
m3320,3.189706098387172
m3321,
m3322,1.5168830348024194
m3323,
m3324,2.5943626130899635
m3325,2.159458990803693
m3326,2.69350974624624
m3327,3.3163976634940417
m3328,3.726095839254553
m3329,3.5182343662937896
m333,3.3917849594676195
m3330,3.5808601358520518
m3331,1.9661582628280718
m3333,2.934207132961914
m3334,4.010846421887626
m3335,1.970223790774773
m3336,
m3337,2.520018007729973
m3338,4.108153825654176
m3339,3.517371105297353
m334,3.669103599006235
m3340,2.4867584377158902
m3341,3.919574986535073
m3342,3.73463154475456
m3343,2.055805944095916
m3344,2.099294763797012
m3345,2.797408466505669
m3346,1.8398176647289382
m3347,3.8839723591205098
m3349,2.9617387297117093
m335,3.212983845998263
m3350,3.8318373938977497
m3351,2.710109637127926
m3352,2.0133453384866487
m3353,
m3354,2.51742938157576
m3355,2.7500754543866166
m3357,3.5503071915725655
m3358,3.5875860490390425
m3359,4.012170004494948
m336,2.1638660166663053
m3360,3.8477944099501133
m3361,3.782977803262305
m3362,3.9108961850900332
m3363,3.9738821498455006
m3364,3.794215558680639
m3365,3.9638254157959127
m3366,3.7168411427448125
m3367,3.1110094192811553
m3368,3.39928877138187
m337,3.7741416402874184
m3370,3.26321560069648
m3371,3.416791197203195
m3372,3.3421483436082116
m3373,2.0133453384866487
m3374,2.180942073110561
m3375,3.086857655935908
m3376,
m3377,2.520018007729973
m3378,2.7600090038649867
m3379,3.7729287755371055
m338,2.7466892135324597
m3380,1.040036015459946
m3381,2.520018007729973
m3382,
m3384,3.7047380741324147
m3385,2.401110106257056
m3386,3.684637079296954
m3387,2.570663097889209
m3388,2.607032822791596
m3389,2.397707624359029
m339,3.428450450985416
m3390,1.35133874327101
m3391,2.074577338035457
m3392,1.7782064888891058
m3393,1.841563451061399
m3394,2.533827364955518
m3395,2.5936994509781583
m3396,3.7880699319642597
m3397,3.642263399281673
m3398,3.400909329699465
m3399,2.8892105369260963
m34,3.8428738393465
m340,3.0736649967859186
m3400,2.054606901973426
m3401,1.9348499738082512
m3402,3.0310548748561805
m3403,2.4672019723852046
m3404,3.3018900630283925
m3405,3.7385871512816107
m3406,3.5937172012515193
m3407,0.36002401030663056
m3408,3.8154568021691997
m3409,3.1734601156062405
m341,3.474047231618475
m3410,3.8713653918834403
m3412,3.2195451375625335
m3413,2.520018007729973
m3414,2.9984782104066405
m3415,3.2661092761196557
m3416,3.600983662111217
m3417,3.363384952963322
m3418,3.630035961593126
m3419,2.5322201130257613
m342,3.591810692167313
m3420,3.591564814119694
m3421,3.9979198893435455
m3422,3.268889932094337
m3423,2.6752224823626283
m3424,3.811515283312444
m3425,3.0730369029689153
m3426,3.065547983042795
m3427,3.163881093318513
m3428,2.671147903898161
m3429,4.242025649740047
m343,2.0382733207963777
m3430,3.2044838530808026
m3431,2.424263380980447
m3432,2.0038487375005603
m3433,1.7909110548948775
m3434,1.8405482267564834
m3435,4.35375379799098
m3436,2.6142597018804152
m3437,1.1642685489297278
m3438,2.585064133377573
m3439,1.9928951352415025
m344,3.0680602997731836
m3440,1.7739417606501877
m3441,3.184834703768958
m3442,2.0094839970879157
m3443,3.066648627943482
m3444,3.0759118387739335
m3445,3.0500973105970144
m3446,3.038087112491342
m3447,3.4673507590167905
m3448,3.6832987641813912
m3449,2.644956750397567
m345,3.714568474950967
m3450,3.3475171455467105
m3451,3.830666790316544
m3452,3.033560730175897
m3453,2.2464495865662744
m3454,2.3880523722887
m3456,3.6774896295750863
m3457,2.7961222011098266
m3458,
m3459,2.4841227625252977
m346,3.354609641777156
m3460,
m3461,3.5634156558620953
m3462,4.136556356783051
m3463,1.4080072030919892
m3464,1.9090207882700725
m3465,2.372075798282644
m3466,3.4281861439595267
m3467,3.9152702619717643
m3468,4.171878412378314
m3469,4.183198120538938
m347,2.8276481956607276
m3470,4.171297609962049
m3471,3.9681608194808
m3472,0.8117386754876139
m3473,3.009407427396652
m3474,2.7413211117239373
m3475,3.821245576557832
m3476,3.497929212088831
m3477,2.9080553837969916
m3478,3.230993633048998
m3479,3.595364559572108
m348,3.6116092572443472
m3480,3.4855155900180907
m3481,3.8784388898476094
m3482,1.868414265923828
m3483,2.8439687925668413
m3484,2.597533708222767
m3485,0.520018007729973
m3486,2.250682273365977
m3487,3.4852406464946726
m3488,1.5350419435710383
m3489,2.9398961683372153
m349,3.6765207844203824
m3490,1.9974214012127924
m3491,2.6930746774542462
m3492,3.000771432371225
m3493,
m3494,3.635226975482271
m3495,3.2600090038649867
m3496,2.973820470563921
m3497,2.8587488311607414
m3498,3.9131354053735063
m3499,3.766798361259096
m35,3.101207894017229
m350,3.316735699167964
m3500,2.5611086925969557
m3501,3.4272643714513937
m3502,3.3012470085265755
m3503,3.26926917297725
m3504,3.952302559266299
m3505,3.782510242560116
m3506,3.2348654524663343
m3507,3.9529261841447285
m3508,3.9549421802164564
m3509,2.633758920351386
m351,3.216421209505481
m3510,3.695169505818019
m3511,2.3070969291781984
m3512,3.590924851468881
m3513,3.261311008589987
m3514,2.8977334094414107
m3515,3.019558259788862
m3516,3.6515172110252805
m3517,3.520018007729973
m3518,2.611071854449861
m3519,3.2214185306079797
m352,2.9319840282047096
m3520,2.097341433983429
m3521,3.7461877714490828
m3522,2.8684142659238283
m3523,2.2612884836457194
m3524,3.3415437211069388
m3525,3.034153007929913
m3526,3.7084410480272885
m3527,3.600292471503266
m3528,3.0346529804238918
m3529,3.329350989532605
m353,3.366448687246179
m3530,
m3531,2.5996321308528993
m3532,3.2575684688248217
m3533,2.3570764086672438
m3534,2.985082404652558
m3535,3.1260698180554036
m3536,3.668819945670652
m3537,3.052587638910862
m3538,3.52653304835049
m3539,3.536143754029972
m354,2.947305671962791
m3540,2.3149388216242412
m3542,1.040036015459946
m3543,3.863579852513715
m3544,2.6627568421714
m3545,3.804805179780845
m3546,3.5928814216276312
m3547,3.613456018117883
m3548,3.716796119974364
m3549,3.667563173650797
m355,2.230564905314074
m3550,3.2781424525033542
m3551,3.8533588247701327
m3552,3.7811331994346347
m3553,2.5419275472245553
m3554,3.2529076498201737
m3555,3.4784246475771217
m3556,3.5229821455719903
m3557,2.734887426509762
m3559,3.323525494208689
m356,4.045677285217792
m3562,2.6247456244410987
m3563,1.4044461431697304
m3564,1.6390382401224306
m3565,3.1379446648607754
m3566,3.2479958934226585
m3567,3.1080714475773212
m3568,2.826839737308439
m3569,2.8578928571234203
m357,3.691574854900629
m3570,3.357310546518653
m3571,3.1772134923940025
m3572,1.520276794656368
m3573,1.169191448334884
m3574,0.9435315303211733
m3575,2.0266906769732973
m3576,3.5816144806582986
m3577,2.375079566281285
m3578,4.0642596919918885
m3579,2.1906187458658066
m358,2.9927047718901534
m3580,2.7059068928203764
m3581,2.318159635998114
m3584,2.6024417102947197
m3585,3.411258274799684
m3586,2.961145859778401
m3587,2.5396278075029906
m3588,3.0767390889223334
m359,2.8260866050102713
m3590,2.6878919040247036
m3591,3.3395232247733446
m3592,1.59271297414126
m3593,1.5098525137609105
m3594,3.1501006473098725
m3595,1.2108058562828428
m3596,2.205677592991282
m3597,2.330385023941012
m3598,3.2788717464924684
m3599,3.434214731721067
m36,3.9021704294838973
m360,2.303946017034851
m3600,2.6414525474978756
m3601,
m3602,2.7475041656714225
m3603,1.6048075727545912
m3604,3.530810541201517
m3605,2.816785545071497
m3606,3.8147909929144457
m3607,
m3608,3.326127778214588
m3609,3.199848053940782
m361,3.3181899888793267
m3610,2.1959878542097235
m3611,2.4781591907321334
m3612,3.229321942037337
m3613,3.5858308555317877
m3614,3.1474505280569045
m3615,3.1099408564779147
m3616,2.2749592746071405
m3617,3.1613254648368674
m3618,3.2681204043122207
m3619,3.0406015956523746
m362,3.239567678701112
m3620,2.7036812981865013
m3621,1.0133453384866487
m3622,3.6520176838705387
m3623,3.1356176388897934
m3624,3.5885796828852925
m3625,3.331784120105877
m3626,2.0898335795253575
m3627,3.250719105414002
m3628,3.247470882231066
m3629,4.0807660211177845
m363,4.0568238634352145
m3631,2.0133453384866487
m3632,3.257635072615154
m3633,3.3595738530674293
m3634,4.143215013901286
m3635,3.5323093974220554
m3636,1.8667647114938255
m3637,3.5612441932422945
m3638,3.1155494035693514
m3639,3.552270779159647
m364,3.8043668544073768
m3640,2.853021028881476
m3641,1.7188545575017167
m3642,2.608171102199811
m3643,3.2786141349499056
m3644,2.9793524011169894
m3645,2.9745513362919604
m3646,2.2801336263075793
m3647,
m3648,2.1008737996285807
m3649,3.062277063035473
m365,2.950153749056134
m3651,
m3652,1.9264835137697058
m3653,3.651923915503105
m3654,3.8960739124555697
m3655,3.540510267221062
m3656,
m3657,2.8402732902605843
m3658,3.3812486512081006
m3659,2.772215831231751
m366,2.6676076063273086
m3660,2.67712936490686
m3661,1.965058313034336
m3662,1.8591803921845649
m3663,1.571030656139643
m3664,1.4022338427093706
m3665,1.301945313723014
m3666,1.0133453384866487
m3667,1.643330743951306
m3668,3.820640983167865
m3669,2.146463079019297
m367,3.2204108824352002
m3670,3.191682997163457
m3671,3.991660780346941
m3672,2.8071064650121524
m3673,1.8737301946629377
m3674,2.2766128579526534
m3675,3.713189826948778
m3676,3.291387766761572
m3677,3.6019258765426376
m3678,3.566379606245997
m3679,4.05724372695106
m368,3.4575278042497417
m3680,3.6540069291703388
m3681,3.823595091313378
m3682,3.581020886928137
m3683,4.153904407666992
m3684,3.282261690931002
m3685,3.5146594269114235
m3686,3.1655616414250916
m3687,
m3688,2.6113985149531507
m3689,1.8695816855592382
m369,3.0588951014849393
m3690,1.849571574853873
m3691,2.279181683961346
m3692,2.0203657668243213
m3693,2.520894197851433
m3694,1.6004867717611404
m3695,1.5267135382207189
m3696,2.2591276087561223
m3697,2.788390019355371
m3698,3.13193667510922
m3699,3.399309068421764
m37,2.520018007729973
m370,2.7963802802523654
m3700,3.455720013808268
m3701,3.144272183975974
m3702,3.604565688797471
m3703,3.6120134990511805
m3704,3.095364096410637
m3705,2.4894988507781166
m3706,3.301127469219291
m3707,2.9456362838156385
m3708,2.8602243965001724
m3709,2.2126797630758865
m371,3.0558902373581915
m3710,2.1175726365098084
m3711,2.862951370862981
m3712,3.130599182472897
m3713,3.5671257324604952
m3714,2.9050128495099923
m3715,2.2263096171353274
m3716,2.1454554645683888
m3717,2.8838958044203635
m3718,2.9669635113476795
m3719,2.678267487187342
m372,3.064619021284697
m3720,3.438571856693348
m3721,2.1593304830701814
m3722,
m3723,3.6240605284389957
m3724,3.5972406024437578
m3725,2.8623804989126467
m3726,3.364461088155224
m3727,3.561188865888227
m3728,3.822808518080016
m3729,3.2905736217107444
m373,3.756853828358294
m3730,4.173826488991817
m3731,3.1253239881381334
m3732,2.7484013765259054
m3733,3.7463870088832483
m3734,3.2502677293763798
m3735,3.9142244584395325
m3736,3.433576398840726
m3737,3.7036812981865013
m3738,3.264378127666039
m3739,3.613822011856475
m374,1.9626497363521849
m3740,3.3313060579813376
m3741,3.966061134569173
m3742,3.8366280697913657
m3743,2.335466981955273
m3744,3.1534404850475126
m3745,3.288381790089008
m3746,3.5542225536231067
m3747,3.58416637522214
m3748,1.040036015459946
m3749,2.584777041519772
m375,2.8905956502417536
m3751,3.828358837037439
m3752,2.9022902342582846
m3753,3.6858806979525554
m3754,2.324134350069822
m3755,3.291363616809941
m3756,3.2361977155094563
m3757,2.2121012539633775
m3758,2.5521749131230793
m3759,2.894736687288063
m376,3.152739775752539
m3760,3.3664382169158795
m3761,2.5550165467588566
m3762,0.6800120051533153
m3763,3.50769032568583
m3764,2.5228954843343865
m3765,2.5434121722698118
m3766,2.391793684643168
m3767,1.8913661002876654
m3768,1.9283404698938293
m3769,3.252180996196326
m377,3.5188947642743345
m3770,3.379663225406733
m3771,3.256991979374093
m3772,0.36002401030663056
m3773,2.6699906655861256
m3774,1.7463020796750504
m3775,2.7203514514961187
m3776,2.866370998719916
m3777,1.4428603959991024
m3778,1.6555415592796878
m3779,
m378,2.72937340845302
m3780,2.6937657096526686
m3781,2.094844479824266
m3782,2.38789489038707
m3783,3.9251304286531434
m3784,3.0613420487604968
m3785,2.9145227962604365
m3786,3.094298390530412
m3787,3.580682794948512
m3788,3.685773209688048
m3789,4.0613134994360625
m379,2.7945746992180225
m3790,3.0771574080124457
m3791,2.97476624026672
m3792,3.3169263468892938
m3793,3.774509500203205
m3794,3.0711451868718904
m3795,3.1316606235052014
m3796,2.8623450458109976
m3797,1.8254325989812963
m3798,3.2374789405605244
m3799,1.4176141316486488
m38,2.2780506926504813
m380,3.5851142120658785
m3800,-0.2799519793867389
m3801,4.125101194778704
m3802,2.306668081324559
m3803,2.979380302029308
m3804,2.120579147292787
m3805,2.435519820771793
m3806,3.000992496554697
m3807,3.086816621613822
m3808,3.7138887794130344
m3809,3.3272499923758017
m381,3.119865779345324
m3810,2.9372807604059363
m3811,4.018458343843724
m3812,3.4533484777549335
m3813,3.088886829987726
m3814,3.9076477617155123
m3816,3.397757018687458
m3817,2.4031316941310075
m3818,1.3934737084862319
m3819,3.912304660195482
m382,2.805331074106433
m3820,1.4323090797260867
m3821,2.4931759159126785
m3822,3.4795729514648714
m3823,3.3335722999102475
m3824,1.9297996303134688
m3825,2.598047907606122
m3826,2.433375985075081
m3827,3.296458450187565
m3828,-0.43994597681008063
m383,3.1566602346156722
m3830,2.422861771620705
m3831,3.5912571270027125
m3832,2.8342361479787384
m3833,2.216052718847789
m3834,2.691940265899179
m3835,2.563551715789339
m3836,3.8238296064845985
m3837,2.650269717633524
m3838,2.2596388595078194
m3839,2.232122405593445
m384,2.5877277555094618
m3840,2.34594024800249
m3841,2.6497530620744083
m3842,
m3843,2.158947643181596
m3844,3.4903776227543992
m3845,3.0387397963446077
m3846,2.9768095839038735
m3847,2.3777004505927084
m3848,2.6758042687119064
m3849,3.7942939781180853
m385,2.8773429374559853
m3850,2.2775335069942506
m3851,3.613804315348761
m3852,3.5642309254944253
m3853,2.9260452814574336
m3854,3.19421271476458
m3855,3.3114937925052055
m3857,2.3450275585239124
m3858,2.9047027820484095
m3859,3.6786000477660954
m386,2.1839634385938207
m3860,2.7413211117239373
m3861,2.969722768374311
m3862,2.5698745053855134
m3863,3.1802510503877888
m3864,2.468632839553466
m3865,3.0477870481676117
m3866,1.7884838150630349
m3867,2.63689045744144
m3868,3.5996492736984926
m3869,2.9906645508976744
m387,2.5545495157608924
m3870,3.595231652836958
m3871,3.728020002035546
m3872,3.6459478613462397
m3873,3.5447678223886094
m3874,2.499470357432502
m3875,1.3597264970934069
m3876,1.1998480539407816
m3877,1.8812160806198646
m3878,2.116301506882509
m3879,2.6172601585683175
m388,3.4570892158605275
m3880,2.9018504122057975
m3881,
m3882,3.1511448838523424
m3883,2.1448258573988
m3884,2.0716273728358745
m3885,2.6252196888189445
m3886,2.6491101595223183
m3887,2.199848053940782
m3888,3.520018007729973
m3889,2.2188886526618297
m389,3.3211210606697126
m3890,
m3891,1.352813910890954
m3892,1.728768022118642
m3893,3.42130411525471
m3894,2.673348273049021
m3895,2.1338558509134202
m3896,3.142460885038946
m3897,4.17590454470235
m3898,2.4661315174622205
m3899,0.36002401030663056
m39,3.5721720821832093
m390,3.2607642656510545
m3900,2.380972755497171
m3901,2.415885036607599
m3902,2.6633460021415485
m3903,3.18385532108782
m3904,
m3905,3.188263028722681
m3906,2.8500056274156167
m3908,1.9463878338508973
m3909,2.446974182881687
m391,2.961252677652403
m3910,3.6465998287413517
m3911,4.006135873996047
m3912,1.9619781439320525
m3913,2.3611916288841024
m3914,3.0530557985053663
m3915,3.299520582571748
m3916,3.831536365995008
m3917,2.9652521010996815
m3918,2.63080446406378
m3919,2.0204863388991874
m392,2.3199088323644688
m3920,3.4452598099927374
m3921,2.304120867099079
m3922,2.1906864434427664
m3923,2.388135944551712
m3924,2.48924659715624
m3925,3.6771290168811457
m3926,3.2427373122465157
m3927,3.4940438270076615
m3928,3.2949802779493393
m3929,3.8366078296582034
m393,1.6669238107904083
m3930,3.113996317713982
m3931,1.6529202013528723
m3932,3.6328391543269487
m3933,1.6432547456717492
m3934,2.579477933174212
m3935,2.6103382017396584
m3936,3.563628959964512
m3937,2.7968314447123426
m3938,1.5217549027573167
m3939,1.4576535832429602
m394,3.191305576627543
m3940,1.0856361097523357
m3941,1.5219930203913452
m3942,1.3657220033128457
m3943,2.8017815452262016
m3944,1.219833520354161
m3945,1.1798704196366032
m3946,2.048538105613674
m3947,3.159799663560323
m3948,3.5680265252914634
m3949,4.001617842614179
m3950,3.3876518457331186
m3951,3.5723357677573047
m3952,3.6878859799284736
m396,
m397,1.8035595581448822
m398,
m4,2.5770779677817
m40,3.6226057859974317
m401,1.040036015459946
m402,
m404,2.811738675487614
m405,1.967710882134857
m406,3.109427278750858
m407,2.737485648167054
m408,3.0598863700683596
m409,2.7616981450508593
m41,3.8529891505056066
m410,2.8147669086879135
m411,1.829564908825842
m412,3.454364970903545
m413,2.4011010328214413
m414,2.4474282125203772
m415,2.3456619052103456
m416,2.2079752815338036
m417,3.346127605480292
m418,2.1206807506274363
m419,2.0398886161206606
m42,2.7342099774385997
m420,2.3981373595771296
m421,3.1441542597173893
m422,2.877160657006084
m423,2.985625806930184
m424,2.3767621415224256
m425,3.447103689334518
m426,2.964943526089862
m427,2.200582086701727
m428,3.8273563627311984
m429,2.208910565391774
m43,3.304158632996878
m430,2.064381127949374
m431,3.601932953511478
m432,2.4844177876485305
m433,2.5245063725739634
m434,3.008197090548174
m435,2.516202517668176
m436,2.4771491062355437
m437,1.8224615712761392
m438,2.462575935830639
m439,3.520018007729973
m44,2.671047712778433
m440,3.7598743169346407
m441,3.614272135272951
m442,2.911391869917262
m443,3.0159155163036444
m444,2.0566351811126022
m445,2.3998726698656925
m446,3.9780102822056556
m447,2.170712126798322
m448,3.466667286087983
m449,3.384112435988894
m45,3.340297589835705
m450,3.1582454526830923
m451,2.97510329333894
m452,3.0040575054979834
m453,3.0247582231713737
m454,3.490699400201781
m455,2.467988131120003
m456,3.833156785810834
m457,4.0693487147810945
m458,3.0689583064114276
m459,2.6682835538190726
m46,2.9604951546667886
m460,1.926963937442954
m461,3.0529435007404917
m462,2.236927186697302
m463,2.468475620794978
m464,2.6448434979084636
m465,3.098284935137762
m466,2.707785793136415
m467,2.932595875062443
m468,3.1734561630871103
m469,2.6691466203822767
m47,4.051827118473316
m470,1.444088831682916
m471,3.5483696740922843
m472,2.4017424917030143
m473,2.062327805590441
m474,3.776170903131589
m475,3.8086138349983267
m476,2.3469865349374968
m477,3.338196839017597
m478,2.104815305001519
m479,2.6299517399973094
m48,2.866397422697212
m480,3.7270766246543063
m481,3.268943821550382
m482,3.372914765058387
m483,3.5507215109959533
m484,2.2627470454398795
m485,2.416399400317965
m486,2.5474249563305946
m487,2.333769439250174
m488,3.082421930988019
m489,2.2900968753136985
m49,3.3695030100630845
m490,3.1880576128661593
m491,3.188359704780921
m492,3.6275723160522175
m493,3.4949852705185878
m494,3.2578851263495063
m495,3.054047909889192
m496,2.7856885730501544
m497,3.9332005463689104
m498,2.462115911345176
m499,2.5090713339414283
m5,2.8899783331699966
m50,4.4823483095442
m500,3.3532727549249732
m501,3.370672789680197
m502,1.787893245114493
m503,3.131559141708034
m504,2.7982582641767797
m505,2.254649115892311
m506,3.2738283108869894
m507,3.4201809707981483
m508,3.820094062058897
m509,3.584960791881812
m510,2.113151820607737
m511,2.9315412052392307
m512,2.709370558003697
m513,2.889119403933093
m514,3.4338388241120965
m515,3.829708127383669
m516,2.7462906668656593
m517,3.0807661189149522
m518,2.2858309546648856
m519,1.8110811734983319
m52,3.554077711738766
m520,2.8121847534814424
m521,3.190113905503911
m522,3.3480241616489823
m523,3.4862813779370057
m524,3.5282391903288577
m525,2.673348273049021
m526,1.6717640496756585
m527,4.4792263974546
m528,2.2566407363585252
m529,3.9183679064348484
m53,4.429225595766355
m530,2.520018007729973
m531,3.666653274629788
m532,2.9273370066069178
m533,2.5965518235863687
m534,3.7264097043855586
m535,3.7056405641162935
m536,2.8815359656884545
m537,2.9448352645953544
m538,3.72526603033436
m539,3.7007365116295423
m54,2.218417338493562
m540,2.0769975968008465
m541,4.232908781545888
m542,2.5188512639855545
m543,3.3070291024518212
m544,2.486673021231265
m545,
m546,1.7648999641961998
m547,2.6972600078674005
m548,2.3915072871624194
m549,3.6531626507766117
m55,2.717610497747681
m550,2.8557189984016866
m551,3.651404447909647
m552,3.155303939846186
m553,3.7861520079136515
m554,2.2535451105464515
m555,3.8548486977978857
m556,4.096329518198983
m557,3.520018007729973
m558,2.5170026360958864
m559,1.246954918846837
m56,1.1357371197106287
m560,3.266363313345787
m561,3.0931142765802284
m562,3.706039456183719
m563,2.7741261212846933
m564,1.985317536092376
m565,2.858258398343667
m566,2.4044461431697304
m567,2.9310558387595442
m568,3.5549680974195175
m569,2.7467838935175988
m57,3.2052175851263147
m570,2.695236908845722
m571,3.2885298504855247
m572,-0.9199279690801081
m573,3.0627853380775947
m574,3.2920237474354543
m575,2.6049662533841023
m576,
m577,2.6852280991092283
m578,3.520018007729973
m579,
m58,4.015238864394302
m580,2.984256033249158
m581,3.9029031659266673
m582,
m583,3.238533220664411
m584,
m585,2.8013734816558586
m586,3.053103749455096
m587,3.4349861064905873
m588,3.737334889809064
m589,4.024056174661365
m59,1.7876767872990655
m590,3.862748485014464
m591,0.04003601545994595
m592,3.550059082378753
m593,4.31972418141018
m594,3.7777416264786745
m595,3.8239068963262137
m596,3.667699325017319
m597,3.5781798330518213
m598,3.635763779824638
m599,3.974561647999523
m6,3.818978001807143
m60,3.1094708484851767
m600,2.60130598610165
m601,
m602,3.8220787455320218
m603,2.731593820003929
m605,3.197323661183179
m606,2.013642126003284
m607,0.04003601545994595
m608,4.217549797828841
m609,2.537322366365843
m61,2.775532888142154
m610,3.462283049575835
m611,2.302598111108377
m612,2.200631851697413
m613,3.431470300464161
m614,2.1008737996285807
m615,3.8186400841064834
m616,3.2311147713946085
m617,3.1445126504947405
m618,1.219833520354161
m619,2.24328045325671
m62,3.6113310882547913
m621,3.4286565954318697
m623,1.868414265923828
m624,
m626,1.7260418219283271
m627,3.4229440623790515
m628,3.8228825117139165
m63,2.6492369338883734
m630,1.9570853251891203
m631,1.8149197301659525
m632,3.412848993510811
m633,3.1878921060167382
m634,0.36002401030663056
m635,3.453275771459345
m637,2.35926759795038
m638,2.746642811424273
m639,2.37751845016423
m64,2.0669879094827532
m640,2.4544280112014834
m641,
m642,
m643,0.8684142659238281
m644,
m645,3.240282739301499
m647,3.476608525565711
m648,3.383867518633483
m649,3.7787660480163834
m65,1.886564454336317
m650,3.2760892492261986
m651,
m652,2.3781641132348335
m653,3.1479751456608986
m655,
m656,2.2128814051611947
m657,
m658,
m659,3.2600692091271886
m66,1.5008479866451279
m660,0.520018007729973
m661,3.377237343282758
m662,2.81321693941313
m663,3.2835733307465262
m664,2.4761775913882014
m665,3.2639753713656763
m666,1.6048075727545912
m667,1.7388381992851658
m668,4.139940020663527
m669,3.6864124342101734
m67,2.311738675487614
m670,4.142791980013926
m671,3.576085314037099
m672,
m673,2.535930873953363
m674,2.898506876286363
m678,4.149805789024607
m679,2.520018007729973
m68,3.229388735613867
m680,3.071911005575375
m681,3.4106762707893186
m682,1.8026213988857425
m684,
m685,2.9223497940479106
m687,1.040036015459946
m688,2.145693269194145
m69,3.5413583247663762
m690,0.04003601545994595
m691,2.902093587150959
m692,1.9074673023083704
m694,2.4801725326950517
m695,3.021009553720202
m696,2.0168830348024196
m697,2.3292401755581937
m698,1.4666486279434823
m7,3.3207363838573567
m70,3.0800352246675198
m700,3.153769593058534
m701,
m702,3.3042691977270833
m703,1.0773429374559855
m704,1.9657507178559217
m705,3.5803030709570014
m706,-0.43994597681008063
m707,2.9804315168788778
m708,3.36629750343423
m709,2.870119515520798
m71,1.8939054685720151
m710,2.044616957539262
m711,2.2305114301385043
m712,2.520018007729973
m714,3.714973532683001
m715,3.324765445578385
m716,2.262268119105184
m717,
m718,3.0167175380823785
m719,2.730324494398161
m72,3.420860754065139
m720,4.351555128816954
m722,3.557771417319444
m724,2.988394529620644
m725,2.577871981739941
m726,2.673339335909991
m728,3.6452126182041975
m729,1.9381409060879242
m73,3.6829623903811166
m730,
m731,2.612773573931465
m732,2.0466302769711446
m733,3.6716036606199127
m734,1.868414265923828
m735,3.102778604722606
m736,3.1090771014069425
m737,1.9067460549219157
m74,2.778917837572847
m741,3.985025377497907
m742,2.3637283264302456
m743,2.3430310385518176
m744,0.8684142659238281
m745,4.469534513801006
m746,3.727326539823909
m747,1.6948340214881914
m748,3.058686904851632
m749,1.5168830348024194
m75,1.3035595581448827
m750,4.40718975279045
m751,2.847234838671582
m753,2.8256817482745005
m754,2.17176159764543
m755,3.489690151014654
m756,2.199848053940782
m757,3.2600090038649867
m758,
m759,3.8434902223600416
m76,2.702449597643112
m760,3.183467583584877
m761,2.604443080215736
m762,2.071822312042918
m763,
m764,3.0526545370762483
m765,2.4732130610011813
m766,3.3846781341514727
m767,2.8966630937616964
m769,2.5623177605928324
m77,3.489523184352012
m771,3.2879647337082427
m774,
m775,2.4370277061864583
m776,1.614096175650322
m778,3.886985914692072
m779,2.4150304664065194
m78,2.964688376555145
m780,3.4581972043583367
m781,3.1742669849584173
m782,2.3856780278699135
m783,3.121735769940442
m784,2.6182016954959293
m785,3.399043160437901
m786,3.0310542321415386
m787,
m788,2.9276754032067847
m789,1.040036015459946
m79,2.421503438782172
m790,
m791,2.520018007729973
m792,
m793,1.7137918334538882
m796,2.0266906769732973
m798,2.57161187123517
m799,3.239724473586514
m8,2.787944657252299
m80,3.6135112233601263
m800,4.011560308000519
m801,2.894197280510598
m802,3.4024489792294563
m803,3.4481185730338555
m804,2.8538191416847263
m805,3.491418530542848
m806,2.9473297908790874
m807,2.3836198423456767
m808,3.06832242102084
m809,2.3860259789022713
m81,2.990784608452365
m810,1.3238070472538443
m811,3.282632354135975
m813,2.2074216078777624
m814,
m815,0.9878789504946719
m818,2.3975823472651103
m82,3.655334606736199
m820,1.7800270115949595
m821,0.04003601545994595
m823,1.5763621289470056
m824,3.5262338435564065
m826,
m827,
m828,2.57456572126173
m829,2.096001501996682
m83,3.407905858876293
m830,2.8285091402251394
m831,3.440969877951038
m832,3.4029382052526813
m833,1.9626862116652823
m834,0.8684142659238283
m835,2.9337001631687096
m836,2.525720057600887
m837,3.3350430977721763
m838,3.798770018828719
m839,2.0288989361741505
m84,2.555849164484539
m840,2.2474073435612216
m841,2.834207132961914
m842,2.4049798229747266
m843,
m844,2.8484849646390513
m846,3.392617242031694
m847,1.1906217848516922
m848,3.2675651481125705
m849,2.415035035587819
m85,3.2622079347118214
m850,3.3366440546865967
m851,3.3382470433571667
m852,3.14688828589717
m853,2.8684142659238283
m854,2.4000225096624663
m858,4.492511823827512
m859,
m86,3.275095106807895
m860,3.0773429374559855
m861,3.3959101692017475
m862,3.3362866298759726
m863,2.973275505975195
m864,3.019687695548143
m865,
m866,3.7457373115642887
m867,1.7672362446351157
m868,
m869,2.838188418263991
m87,1.9803242792275089
m870,1.8776289882999035
m872,
m874,2.049089940037361
m875,3.0539231219809175
m876,2.311332403413022
m877,2.827507065614644
m878,
m879,2.688352605060122
m88,2.7928563187187843
m880,2.0859890768760025
m881,2.3748689573342667
m882,2.4478304311218797
m884,
m885,2.194247986711605
m886,2.7386537370757855
m887,-0.43994597681008063
m888,1.853561011501151
m889,1.520018007729973
m89,2.959239772370884
m891,2.181527993893528
m892,3.721250188191412
m893,3.4586465395176598
m895,
m896,3.1245042195537525
m897,3.572930667608986
m898,4.2329085877120365
m899,4.220048630858056
m9,2.4534258927906736
m90,2.8402732902605843
m900,3.7465073268525564
m901,3.4896502204672184
m902,3.8359025358311953
m903,4.221031549105257
m904,4.434519004613316
m905,4.199196464459558
m906,3.978165793419622
m907,3.736823495298015
m908,4.344438914345237
m909,4.049450667070904
m910,4.244656786393646
m911,4.090534656995204
m912,4.373115469941391
m913,4.348954205128298
m914,4.086174180005255
m915,3.874320640166312
m916,4.137023371898923
m917,3.4596161373046566
m918,3.6507237375073904
m919,4.205595140456437
m92,2.128672951007316
m920,3.9366487017470204
m921,3.8005989938498446
m922,4.424505119622804
m923,4.338110422470103
m924,4.019439575492595
m925,2.652924611673936
m926,4.174003002931679
m927,3.7585707008830043
m928,4.123501590062277
m929,3.610603608432088
m93,2.035351945766447
m930,4.224602990421112
m931,3.796424530593564
m932,3.808842863662972
m933,4.026096118459846
m934,3.550915696456567
m935,3.3782716059855997
m936,3.936541515243641
m937,3.4242903151158863
m938,3.464428658499743
m939,2.3970231034356537
m94,3.5843671994522044
m940,3.881581934915207
m941,3.5392765981367
m942,4.113597822830807
m943,3.8539602813622986
m944,3.6055955286652686
m945,4.0431554653031725
m946,3.694344714136309
m947,3.9872569410649015
m948,3.5979316645831094
m949,3.859413701504632
m95,2.795462026385695
m950,4.151233182415747
m951,4.169616249363901
m952,3.495335801652056
m953,4.2333138961610635
m954,4.159530719655105
m955,4.077341242442218
m956,3.2610746547254688
m957,2.852980227464932
m958,2.9118397139906493
m959,3.483751117244352
m96,3.4543249483536567
m960,2.8728562430703946
m961,2.987386513403412
m962,2.933391146776291
m963,3.2969812042998363
m964,3.1228129939190894
m965,3.9699287576289115
m966,3.493939475247336
m967,2.8128874208957244
m968,3.586612557356785
m969,4.202186798877039
m97,3.3777464459322735
m970,3.029797776987861
m971,3.946433043668398
m972,2.5643341636613353
m973,3.710001343091555
m974,3.370454606435502
m975,0.520018007729973
m976,3.2895311248109493
m977,
m978,3.720966777901408
m98,1.4939394752473358
m980,1.6571544290517626
m981,1.0763621289470056
m982,3.4729105476718107
m984,2.2884013623929746
m985,2.5168830348024196
m986,3.472419555656058
m987,2.595715581284318
m988,3.1270332198043818
m989,
m99,3.1902151133137084
m990,2.322363584628632
m991,3.3935232548845677
m992,2.119908832364469
m993,2.422449964106043
m994,4.019920463004722
m996,2.7682233629670234
m997,2.9906850002346954
m998,2.795717939758932
m999,3.1764088141632754
